time,COINBASE:open,COINBASE:high,COINBASE:low,COINBASE:close,COINBASE:volume,BINANCE:open,BINANCE:high,BINANCE:low,BINANCE:close,BINANCE:volume,BITFINEX:open,BITFINEX:high,BITFINEX:low,BITFINEX:close,BITFINEX:volume,MEXC:open,MEXC:high,MEXC:low,MEXC:close,MEXC:volume,GATEIO:open,GATEIO:high,GATEIO:low,GATEIO:close,GATEIO:volume
2025-11-28 10:00:00,91596.02,91596.02,91549.41,91549.41,1.29957878,91600.00000000,91600.00000000,91571.14000000,91571.14000000,3.56889000,,,,,,91598.88,91598.88,91570.49,91570.5,2.44952678,91595.5,91595.5,91576.4,91576.4,320871.93072490
2025-11-28 10:01:00,91564.29,91599.47,91564.29,91586.04,8.16928661,91571.14000000,91600.00000000,91571.14000000,91595.98000000,11.00306000,91660.0,91660.0,91659.0,91659.0,0.00041363,91570.5,91599.36,91570.49,91595.31,6.67268774,91576.4,91605.1,91576.4,91604,374426.45129030
2025-11-28 10:02:00,91586.04,91597.58,91524.45,91524.45,1.15675088,91595.97000000,91600.00000000,91540.66000000,91540.66000000,9.58670000,91661.0,91661.0,91659.0,91659.0,0.031154139999999997,91595.31,91599.7,91540.13,91540.14,5.71782103,91603.9,91604.9,91537.1,91537.1,337501.98305780
2025-11-28 10:03:00,91524.45,91524.45,91503.46,91508.04,4.69287503,91540.66000000,91540.67000000,91516.45000000,91522.87000000,7.47004000,91659.0,91659.0,91657.0,91657.0,0.65985495,91540.14,91540.14,91516.87,91523.24,4.52193997,91537.2,91537.2,91518,91518.7,289350.09159490
2025-11-28 10:04:00,91508.04,91527.46,91508.02,91518.41,1.30432734,91522.86000000,91544.45000000,91522.86000000,91527.03000000,2.41800000,91634.0,91634.0,91634.0,91634.0,0.00055241,91523.24,91543.57,91522.78,91526.16,1.44889865,91518.7,91540.7,91518.7,91531.5,245453.75335070
2025-11-28 10:05:00,91518.39,91518.39,91482.12,91489.31,0.853168,91527.04000000,91527.04000000,91493.56000000,91504.22000000,3.27285000,91615.0,91615.0,91615.0,91615.0,0.00013483,91526.16,91526.16,91488.63,91502.69,2.03968894,91527.3,91527.3,91493.4,91498,331738.53216180
2025-11-28 10:06:00,91489.31,91516.35,91485.64,91485.64,0.81662273,91504.21000000,91527.02000000,91493.92000000,91500.75000000,3.96379000,,,,,,91502.69,91525.49,91492.4,91500.18,1.98307681,91498,91521.9,91498,91504.3,426538.02638880
2025-11-28 10:07:00,91485.64,91491.92,91470.0,91478.49,0.91801623,91500.74000000,91505.27000000,91486.28000000,91493.56000000,3.54606000,,,,,,91500.18,91505.05,91485.72,91492.16,2.50041797,91504.3,91504.3,91489.2,91490,485434.76322210
2025-11-28 10:08:00,91478.5,91496.83,91472.36,91496.82,1.16111816,91493.56000000,91513.65000000,91480.28000000,91513.64000000,6.01765000,,,,,,91492.16,91513.02,91479.69,91513.01,3.62751585,91490,91505.5,91481,91505.5,392151.42340280
2025-11-28 10:09:00,91496.82,91496.82,91473.2,91474.05,1.27425593,91513.65000000,91513.65000000,91488.91000000,91488.91000000,4.41027000,,,,,,91513.01,91513.01,91488.25,91488.29,2.63867121,91505.5,91505.5,91487,91487,298977.15532460
2025-11-28 10:10:00,91474.04,91511.44,91474.04,91496.86,1.37874884,91488.92000000,91522.27000000,91488.91000000,91514.59000000,4.01295000,,,,,,91488.29,91513.26,91488.28,91513.25,1.30591245,91487.1,91512.1,91487,91512.1,516361.58781780
2025-11-28 10:11:00,91496.87,91526.12,91491.91,91496.8,0.67825949,91514.59000000,91537.02000000,91504.14000000,91504.14000000,4.21552000,,,,,,91513.25,91536.6,91503.72,91503.72,2.36323337,91512.2,91529.6,91503.1,91508.4,405966.37308490
2025-11-28 10:12:00,91496.79,91544.86,91496.79,91527.45,0.36633704,91504.15000000,91554.83000000,91504.14000000,91539.06000000,3.79030000,91629.0,91629.0,91629.0,91629.0,0.00022,91503.72,91554.39,91503.69,91538.37,3.53754063,91508.4,91546.9,91508.3,91538.2,418991.15661160
2025-11-28 10:13:00,91528.74,91535.91,91496.79,91531.01,1.34223485,91539.06000000,91548.01000000,91506.27000000,91542.84000000,3.89255000,91647.0,91647.0,91606.0,91606.0,0.02097132,91538.37,91547.32,91505.55,91542.16,2.33849068,91538.3,91540.8,91508.4,91532.8,441800.80439380
2025-11-28 10:14:00,91531.02,91531.02,91509.16,91520.09,1.2127678,91542.85000000,91542.85000000,91520.57000000,91530.07000000,2.21196000,91641.0,91641.0,91641.0,91641.0,4e-05,91542.16,91542.16,91519.88,91529.37,1.32392544,91532.8,91532.8,91520.5,91527,517223.95565560
2025-11-28 10:15:00,91520.09,91530.21,91511.46,91511.47,1.05299776,91530.07000000,91539.93000000,91524.12000000,91524.12000000,5.11146000,,,,,,91529.37,91539.25,91523.42,91523.44,3.05420415,91526.9,91535.8,91520.7,91520.7,459246.24810090
2025-11-28 10:16:00,91511.47,91511.47,91467.88,91479.65,2.00515786,91524.12000000,91524.13000000,91486.97000000,91486.97000000,8.07639000,91640.0,91640.0,91639.0,91639.0,0.00031124,91523.44,91523.44,91486.32,91486.36,4.86313883,91520.7,91520.7,91489.3,91489.4,348046.83586220
2025-11-28 10:17:00,91479.69,91520.63,91479.69,91479.7,3.8313753,91486.97000000,91516.57000000,91486.97000000,91493.56000000,4.09234000,,,,,,91486.36,91513.96,91486.35,91492.91,2.37328622,91489.4,91512.2,91489.3,91492.7,468525.88375790
2025-11-28 10:18:00,91479.7,91526.13,91479.69,91526.13,2.9249079,91493.56000000,91539.92000000,91493.56000000,91539.91000000,10.38781000,91600.0,91600.0,91600.0,91600.0,5.191e-05,91492.91,91539.29,91492.91,91539.29,6.34745879,91492.6,91535.7,91492.6,91535.7,425628.10670650
2025-11-28 10:19:00,91526.13,91573.75,91519.06,91570.15,1.45774289,91539.91000000,91591.25000000,91529.80000000,91586.01000000,18.36976000,91639.0,91641.0,91639.0,91641.0,0.028918509999999998,91539.29,91586.13,91533.44,91586.12,10.97178169,91535.7,91571.9,91531.1,91571.9,340691.11079490
2025-11-28 10:20:00,91570.16,91632.15,91570.16,91601.02,4.63733773,91586.02000000,91638.62000000,91586.02000000,91608.92000000,54.14001000,91660.0,91709.0,91660.0,91709.0,0.06321292,91586.12,91638.74,91586.12,91625.52,31.19679077,91571.9,91631.1,91571.9,91608.3,551939.11520660
2025-11-28 10:21:00,91601.02,91601.02,91565.57,91565.58,1.10993057,91608.92000000,91608.93000000,91573.10000000,91573.10000000,3.22150000,91688.0,91688.0,91688.0,91688.0,0.01,91625.52,91625.52,91573.2,91573.24,2.84568424,91608.3,91608.3,91576.7,91576.7,621463.71829120
2025-11-28 10:22:00,91565.58,91565.58,91511.46,91550.58,3.09220607,91573.10000000,91573.11000000,91512.99000000,91570.00000000,10.53107000,91683.0,91683.0,91657.0,91657.0,0.01306893,91573.24,91573.25,91513.89,91516.66,3.86798474,91576.7,91576.7,91512.2,91559.8,676996.69617380
2025-11-28 10:23:00,91555.47,91602.12,91555.47,91586.76,1.39550116,91570.50000000,91611.89000000,91570.50000000,91592.41000000,11.05536000,91658.0,91658.0,91658.0,91658.0,9.939e-05,91516.66,91612.14,91516.66,91593.29,9.08744775,91571.7,91608.8,91571.7,91592.9,604718.77431850
2025-11-28 10:24:00,91586.75,91626.45,91575.03,91605.03,8.5437345,91592.41000000,91615.84000000,91586.58000000,91613.17000000,12.85541000,91686.0,91686.0,91686.0,91686.0,0.02245548,91593.29,91616.72,91587.44,91616.68,6.13938015,91593,91614.3,91588.3,91614.3,598124.45073900
2025-11-28 10:25:00,91605.02,91610.12,91572.02,91578.55,4.77529839,91613.17000000,91613.18000000,91585.23000000,91585.23000000,5.74078000,91686.0,91686.0,91686.0,91686.0,0.005,91616.68,91616.68,91585.91,91586.26,4.98947068,91614.2,91614.3,91579,91586.8,561011.31370960
2025-11-28 10:26:00,91574.09,91581.34,91565.7,91568.03,3.96401704,91585.23000000,91585.24000000,91573.55000000,91573.56000000,3.11067000,91686.0,91686.0,91686.0,91686.0,0.00054262,91586.26,91586.26,91574.2,91574.21,1.79354701,91586.9,91586.9,91578.9,91578.9,486962.41307640
2025-11-28 10:27:00,91568.03,91570.67,91555.18,91566.4,5.08984698,91573.56000000,91573.56000000,91573.55000000,91573.55000000,3.18628000,91685.0,91685.0,91671.0,91671.0,0.06102676,91574.21,91574.4,91574.2,91574.38,2.07580857,91578.9,91579,91576.6,91576.6,594587.04204550
2025-11-28 10:28:00,91566.4,91570.5,91566.39,91569.37,3.45731444,91573.55000000,91573.56000000,91573.54000000,91573.54000000,1.07701000,,,,,,91574.38,91574.39,91574.36,91574.37,0.68760591,91576.6,91576.7,91574.5,91574.6,592286.89543090
2025-11-28 10:29:00,91569.38,91570.5,91542.48,91570.0,6.48854695,91573.55000000,91573.55000000,91568.15000000,91568.16000000,5.01784000,,,,,,91574.37,91574.37,91568.86,91568.87,3.02022763,91574.6,91574.6,91574.5,91574.5,571253.06082190
2025-11-28 10:30:00,91567.97,91571.99,91521.25,91544.0,3.77168847,91568.16000000,91568.16000000,91531.95000000,91556.01000000,14.21514000,91669.0,91669.0,91669.0,91669.0,0.00046616,91568.87,91568.87,91532.47,91556.63,5.72471821,91574.6,91574.6,91536.1,91548.5,342141.74208950
2025-11-28 10:31:00,91545.69,91589.61,91545.69,91580.34,4.68281098,91556.00000000,91584.70000000,91556.00000000,91584.69000000,3.95847000,91625.0,91670.0,91625.0,91670.0,0.00029969,91556.63,91584.11,91556.63,91584.1,4.97206754,91548.5,91588,91548.5,91588,223059.43192310
2025-11-28 10:32:00,91578.04,91614.15,91578.04,91611.36,3.67411479,91584.69000000,91613.92000000,91584.69000000,91606.62000000,3.07493000,91681.0,91681.0,91681.0,91681.0,4.8e-05,91584.1,91614.59,91584.1,91607.28,2.03858744,91588,91611.8,91588,91611.8,286055.54439160
2025-11-28 10:33:00,91610.02,91638.34,91604.03,91638.34,4.03249924,91606.61000000,91637.91000000,91606.61000000,91637.90000000,5.54416000,91683.0,91709.0,91683.0,91709.0,0.07947665,91607.28,91638.57,91607.27,91638.56,3.05403478,91611.8,91641.2,91611.7,91641.2,250609.71222750
2025-11-28 10:34:00,91636.02,91671.13,91604.39,91604.39,7.90707934,91637.91000000,91666.89000000,91607.11000000,91609.92000000,62.23839000,91710.0,91710.0,91710.0,91710.0,0.00097988,91638.56,91670.87,91632.56,91632.56,35.86933895,91641.2,91669.3,91609,91615.8,421743.06201920
2025-11-28 10:35:00,91604.38,91604.38,91575.03,91576.01,3.95095643,91609.92000000,91609.92000000,91575.72000000,91583.40000000,9.89010000,91720.0,91720.0,91693.0,91693.0,0.50198444,91632.56,91632.56,91576.63,91594.54,6.61994377,91615.8,91615.8,91577.8,91595.3,741423.30549100
2025-11-28 10:36:00,91582.02,91587.09,91550.6,91563.04,5.49508017,91583.41000000,91583.41000000,91560.01000000,91581.50000000,2.57820000,,,,,,91594.54,91594.54,91561.69,91583.19,1.5516701,91595.3,91595.3,91559,91576.6,727942.56650470
2025-11-28 10:37:00,91572.0,91594.58,91572.0,91592.45,0.25655929,91581.51000000,91609.41000000,91581.50000000,91602.38000000,3.16057000,91684.0,91684.0,91684.0,91684.0,0.00034325,91583.19,91611.08,91583.18,91604.15,2.16399274,91576.6,91604.6,91576.6,91604.6,639641.44462590
2025-11-28 10:38:00,91592.45,91626.1,91592.45,91626.0,0.41490559,91602.37000000,91633.73000000,91602.37000000,91633.73000000,2.45916000,91710.0,91710.0,91710.0,91710.0,0.00029523,91604.15,91635.49,91604.14,91635.48,1.4769277,91604.6,91632.7,91604.6,91632.7,674117.38901260
2025-11-28 10:39:00,91625.99,91652.93,91616.08,91648.23,0.74979667,91633.73000000,91655.99000000,91633.72000000,91655.98000000,3.14080000,91710.0,91730.0,91710.0,91730.0,0.00160275,91635.48,91654.77,91632.8,91654.75,2.10314776,91632.6,91659.7,91632.6,91659.7,493556.18042570
2025-11-28 10:40:00,91648.24,91660.17,91632.01,91636.02,1.00688062,91655.99000000,91663.47000000,91644.06000000,91644.07000000,2.80609000,91729.0,91729.0,91729.0,91729.0,0.00585,91654.75,91662.28,91642.81,91642.81,1.59933063,91659.7,91669.1,91655.7,91655.7,420920.12289850
2025-11-28 10:41:00,91636.02,91644.69,91614.16,91622.26,4.67427545,91644.06000000,91649.74000000,91628.51000000,91629.42000000,7.65162000,,,,,,91642.81,91646.95,91627.26,91628.13,4.30561083,91655.7,91655.8,91631.7,91639.5,387720.08308900
2025-11-28 10:42:00,91622.26,91638.6,91614.0,91638.6,0.4173447,91629.42000000,91658.90000000,91620.99000000,91658.90000000,2.59553000,91714.0,91739.0,91714.0,91739.0,0.0136593,91628.13,91642.91,91619.85,91642.91,1.34135246,91639.5,91655.6,91631.7,91655.6,475307.70902120
2025-11-28 10:43:00,91643.49,91646.0,91628.83,91631.86,0.27372508,91658.90000000,91658.90000000,91637.50000000,91637.51000000,2.72067000,,,,,,91642.91,91657.94,91636.54,91636.55,2.1365622,91655.6,91655.6,91647.6,91647.6,416455.65221110
2025-11-28 10:44:00,91631.85,91637.93,91620.58,91620.58,0.32783742,91637.51000000,91643.93000000,91626.99000000,91627.00000000,1.70574000,,,,,,91636.55,91645.33,91625.99,91625.99,1.05044185,91647.6,91647.7,91640.1,91640.1,322575.58935720
2025-11-28 10:45:00,91620.57,91628.82,91604.38,91618.03,0.98129941,91627.00000000,91637.91000000,91610.35000000,91633.91000000,4.83855000,,,,,,91625.99,91637.13,91609.57,91633.33,2.6315805,91630,91633.8,91619.5,91633.8,309208.93854270
2025-11-28 10:46:00,91618.03,91618.03,91575.03,91599.48,1.71540987,91633.91000000,91633.91000000,91591.97000000,91605.16000000,9.99097000,91704.0,91707.0,91704.0,91707.0,0.09355272,91633.33,91633.34,91591.37,91604.62,6.00182751,91633.8,91633.8,91591.5,91609.3,319329.08734850
2025-11-28 10:47:00,91599.48,91609.27,91590.0,91592.04,0.74672679,91605.16000000,91617.57000000,91600.67000000,91600.67000000,6.89830000,91707.0,91709.0,91707.0,91709.0,0.36657850000000003,91604.62,91617.51,91600.61,91600.62,4.32066542,91609.3,91613.6,91608.9,91608.9,204605.73980660
2025-11-28 10:48:00,91592.04,91601.13,91586.2,91601.13,0.55955028,91600.68000000,91600.68000000,91600.67000000,91600.67000000,2.08201000,91707.0,91707.0,91707.0,91707.0,0.25,91600.62,91600.97,91600.62,91600.97,1.14266924,91609,91609,91608.9,91608.9,178296.52956950
2025-11-28 10:49:00,91597.67,91599.92,91582.65,91592.18,0.80983971,91600.68000000,91604.78000000,91587.83000000,91595.22000000,4.14804000,,,,,,91600.97,91600.97,91588.12,91595.44,2.32469262,91609,91609,91597.2,91597.3,288322.26968380
2025-11-28 10:50:00,91592.18,91595.95,91575.36,91595.95,1.0143875,91595.23000000,91601.57000000,91587.83000000,91601.56000000,1.84757000,91706.0,91706.0,91704.0,91704.0,0.00195428,91595.44,91601.67,91588.13,91601.67,1.05984723,91597.2,91603.3,91592.6,91603.3,441791.91612440
2025-11-28 10:51:00,91595.94,91770.0,91589.99,91758.04,14.6114951,91601.56000000,91782.60000000,91601.56000000,91771.25000000,156.58679000,91704.0,91868.0,91704.0,91868.0,0.59271562,91601.67,91749.84,91601.66,91749.84,39.6162034,91603.3,91775.1,91603.2,91775.1,733138.64011210
2025-11-28 10:52:00,91760.0,91824.69,91760.0,91804.86,5.79355416,91771.26000000,91849.80000000,91771.26000000,91821.49000000,159.62009000,91869.0,91923.0,91869.0,91919.0,0.04839529,91749.84,91835.48,91749.84,91825.28,23.15873465,91775.2,91832.2,91775.2,91827.4,652096.58550100
2025-11-28 10:53:00,91806.0,91821.74,91803.6,91807.4,2.70725808,91821.49000000,91839.93000000,91820.21000000,91830.49000000,17.33037000,,,,,,91825.28,91838.15,91818.99,91828.55,6.5484246,91826.6,91835.1,91821.7,91828.3,388289.46670140
2025-11-28 10:54:00,91811.96,91839.76,91811.96,91831.29,3.58110179,91830.48000000,91860.14000000,91830.48000000,91860.14000000,12.31342000,91917.0,91925.0,91917.0,91925.0,0.0028442100000000002,91828.55,91858.45,91828.55,91858.34,11.28456675,91828.4,91856.2,91828.3,91856.1,479844.04344460
2025-11-28 10:55:00,91831.28,91850.0,91799.47,91814.0,8.50580961,91860.14000000,91874.86000000,91827.09000000,91830.50000000,30.67647000,91944.0,91945.0,91944.0,91945.0,0.026762849999999998,91858.34,91872.56,91827.5,91827.52,20.65744831,91856.1,91867.5,91819.2,91822.2,1555321.26903240
2025-11-28 10:56:00,91814.0,91814.0,91765.96,91766.15,1.85170226,91830.49000000,91831.34000000,91788.32000000,91788.33000000,11.39563000,91914.0,91914.0,91909.0,91909.0,0.00104046,91827.52,91828.38,91785.08,91785.08,4.54899715,91822.1,91822.2,91776.1,91784.5,1405652.52172260
2025-11-28 10:57:00,91775.54,91780.0,91774.0,91779.53,0.26979568,91788.33000000,91794.32000000,91788.33000000,91794.31000000,1.12117000,,,,,,91785.08,91791.26,91785.08,91791.24,2.99328535,91784.4,91784.5,91784.4,91784.4,1317440.28640210
2025-11-28 10:58:00,91780.0,91819.52,91779.99,91818.01,1.02655407,91794.31000000,91835.00000000,91794.31000000,91835.00000000,5.80600000,91883.0,91883.0,91883.0,91883.0,0.01,91791.24,91814.11,91791.24,91814.07,3.29148054,91784.5,91829.7,91784.4,91829.7,1599451.16410370
2025-11-28 10:59:00,91810.84,91834.19,91794.63,91828.68,4.07607179,91834.99000000,91850.49000000,91814.89000000,91850.49000000,4.73294000,91911.0,91911.0,91911.0,91911.0,0.00840556,91814.07,91840,91812,91840,2.44974402,91829.7,91840.4,91807.6,91840.4,1298341.96728970
2025-11-28 11:00:00,91831.98,91831.98,91790.2,91804.81,3.20589335,91850.49000000,91850.49000000,91814.89000000,91814.90000000,3.59809000,,,,,,91840,91847.4,91811.85,91811.89,1.80056897,91840.5,91840.5,91805.7,91805.8,822390.45511070
2025-11-28 11:01:00,91807.69,91894.89,91796.68,91894.89,10.07192907,91814.90000000,91913.18000000,91814.89000000,91913.17000000,45.25854000,91902.0,91970.0,91902.0,91970.0,0.21326607,91811.89,91910,91811.89,91909.99,8.46866237,91805.7,91902.3,91805.7,91902.3,864385.56593470
2025-11-28 11:02:00,91896.88,91999.0,91845.19,91864.46,30.41791372,91913.18000000,92030.00000000,91863.24000000,91885.24000000,191.47902000,91982.0,92000.0,91980.0,91990.0,21.68799182,91909.99,92013,91871.59,91888.24,27.98914334,91902.3,92051.2,91865.9,91884.8,1278759.90496330
2025-11-28 11:03:00,91864.46,91901.75,91813.77,91813.77,7.1647357,91885.24000000,91921.83000000,91826.46000000,91826.46000000,12.41165000,91991.0,91991.0,91983.0,91988.0,0.00157097,91888.24,91920.68,91840,91840,2.27201704,91884.9,91914.4,91820.4,91820.4,924090.44208010
2025-11-28 11:04:00,91809.75,91809.75,91714.83,91714.83,4.93615653,91826.47000000,91826.47000000,91725.62000000,91733.34000000,19.38115000,91935.0,91935.0,91880.0,91880.0,0.00285593,91840,91840,91729.24,91729.24,14.06396168,91819.9,91819.9,91728.3,91728.3,839159.06010730
2025-11-28 11:05:00,91724.0,91724.0,91658.16,91667.98,5.10198351,91734.82000000,91734.82000000,91671.04000000,91671.05000000,35.10009000,91840.0,91841.0,91790.0,91790.0,0.00853786,91729.24,91737.64,91672.69,91673.3,21.39212693,91728.4,91728.4,91667.5,91667.6,1719176.31522120
2025-11-28 11:06:00,91664.0,91669.98,91604.37,91646.02,3.95317074,91671.04000000,91673.20000000,91618.83000000,91654.19000000,10.63001000,91770.0,91770.0,91720.0,91740.0,0.00747345,91673.3,91673.75,91621.47,91656.85,5.76039452,91667.6,91668.3,91617.1,91652.9,1943933.60730580
2025-11-28 11:07:00,91646.02,91650.88,91600.62,91602.02,4.7277807,91654.19000000,91664.40000000,91615.42000000,91615.56000000,24.29884000,91727.0,91727.0,91727.0,91727.0,0.0033697700000000002,91656.85,91667.18,91618.11,91618.23,15.80829032,91653,91658.9,91609.8,91609.8,1950866.18119150
2025-11-28 11:08:00,91602.01,91632.91,91579.92,91593.65,5.14880424,91615.56000000,91634.85000000,91587.83000000,91604.58000000,11.22140000,91710.0,91710.0,91710.0,91710.0,0.50049495,91618.23,91637.9,91590.84,91597.6,6.00458088,91609.8,91627.8,91593.9,91594,1692552.46368730
2025-11-28 11:09:00,91593.66,91593.66,91546.03,91577.99,4.00189623,91604.59000000,91604.59000000,91537.83000000,91588.86000000,19.58685000,91690.0,91690.0,91670.0,91670.0,0.00189219,91597.6,91607.54,91562.53,91592.48,12.44259673,91594,91611.3,91551.7,91587.5,2400940.58668970
2025-11-28 11:10:00,91569.3,91629.31,91544.44,91584.81,4.77813545,91588.86000000,91638.62000000,91551.95000000,91600.67000000,12.80281000,91659.0,91679.0,91624.0,91679.0,0.07678618000000001,91592.48,91642.31,91555,91603.51,3.55739305,91587.4,91637.1,91559.5,91599.3,1270958.79998400
2025-11-28 11:11:00,91581.78,91596.79,91565.19,91573.64,4.36114737,91600.67000000,91617.10000000,91576.46000000,91585.90000000,12.21362000,91679.0,91679.0,91659.0,91671.0,0.21926998,91603.51,91608.74,91576.85,91588.88,11.44630398,91599.1,91612.3,91576.2,91585.8,1019484.34372600
2025-11-28 11:12:00,91573.64,91599.48,91573.64,91592.29,2.66160883,91585.89000000,91616.41000000,91585.89000000,91615.30000000,4.98179000,,,,,,91588.88,91619.4,91588.87,91618.25,2.84662173,91585.7,91610,91585.7,91609.5,1081379.45620550
2025-11-28 11:13:00,91592.29,91592.29,91558.56,91558.56,2.47155271,91615.29000000,91615.30000000,91576.01000000,91576.08000000,3.40592000,,,,,,91618.25,91618.25,91578.58,91578.72,2.21475458,91609.5,91609.5,91577.3,91577.3,806187.66494700
2025-11-28 11:14:00,91555.47,91555.47,91361.83,91363.16,4.77096443,91576.03000000,91576.03000000,91371.56000000,91372.75000000,45.74952000,91653.0,91653.0,91500.0,91500.0,5.03702112,91578.72,91578.72,91400,91418.04,1.58934487,91577.3,91577.3,91375,91375.1,1260655.28476720
2025-11-28 11:15:00,91354.98,91357.88,91072.9,91105.59,7.79447674,91372.75000000,91372.76000000,91080.04000000,91109.62000000,76.51303000,91500.0,91500.0,91163.0,91244.0,5.14339254,91418.04,91418.04,91100,91146.39,14.82193093,91375,91375,91086.6,91115.2,2611130.45052920
2025-11-28 11:16:00,91100.7,91221.63,91061.61,91136.08,7.13145131,91109.62000000,91231.36000000,91080.04000000,91151.96000000,33.41218000,91244.0,91244.0,91244.0,91244.0,0.00964335,91146.39,91200,91088.27,91140.72,2.72245845,91110.5,91221.1,91078.2,91148.3,996208.08252020
2025-11-28 11:17:00,91136.07,91178.93,91042.03,91135.97,12.65256395,91151.95000000,91197.99000000,91065.13000000,91150.01000000,21.92907000,91264.0,91264.0,91161.0,91236.0,0.25375231,91140.72,91176.41,91067.99,91158.05,32.66388571,91139.1,91186.7,91058.8,91147.5,1020999.79230210
2025-11-28 11:18:00,91138.27,91240.49,91138.26,91200.05,7.42336029,91150.01000000,91257.23000000,91150.00000000,91219.86000000,26.65312000,91239.0,91325.0,91239.0,91313.0,0.20598252,91158.05,91262.12,91153.03,91204.28,12.46963841,91147.5,91252.4,91147.4,91209.1,847873.57454180
2025-11-28 11:19:00,91202.52,91211.18,91087.05,91154.13,5.33544175,91219.86000000,91234.37000000,91103.84000000,91173.34000000,13.28357000,91301.0,91305.0,91248.0,91248.0,0.20575048,91204.28,91232.98,91110.28,91164.16,12.69010833,91209.1,91226.7,91099.7,91170.9,1043614.41655320
2025-11-28 11:20:00,91154.13,91286.52,91154.13,91208.29,11.03980314,91173.35000000,91303.98000000,91173.35000000,91228.41000000,30.78570000,91276.0,91370.0,91276.0,91314.0,0.53178485,91164.16,91302.52,91164.16,91225.25,8.85452782,91171,91300,91171,91225.3,2063679.68399990
2025-11-28 11:21:00,91218.06,91246.0,91183.84,91199.99,4.49410644,91228.71000000,91270.10000000,91199.67000000,91225.00000000,7.86774000,91314.0,91346.0,91314.0,91346.0,0.00211898,91225.25,91264.3,91210.25,91228.03,5.39084917,91234.4,91260.8,91207.4,91214.9,1616975.37212070
2025-11-28 11:22:00,91199.99,91214.0,91133.09,91191.13,3.07378754,91224.99000000,91232.39000000,91166.67000000,91215.16000000,10.59560000,91284.0,91295.0,91284.0,91295.0,0.0018188999999999998,91228.03,91228.03,91169.65,91217.33,15.79251367,91214.9,91224.1,91155.7,91209.2,1800000.94848620
2025-11-28 11:23:00,91191.13,91271.93,91191.13,91261.36,3.2086756,91215.17000000,91279.36000000,91215.16000000,91274.81000000,5.38726000,91305.0,91305.0,91305.0,91305.0,0.00011879,91217.33,91281.57,91217.33,91276.89,3.66362182,91209.2,91285.5,91209.1,91279.3,1832108.74109930
2025-11-28 11:24:00,91261.35,91277.13,91234.0,91248.04,1.17913462,91274.82000000,91279.36000000,91252.88000000,91261.60000000,2.61612000,,,,,,91276.89,91281.44,91255.52,91255.53,1.45578223,91279.3,91279.4,91258.3,91258.4,1754698.12393820
2025-11-28 11:25:00,91248.02,91313.26,91226.94,91313.26,3.25732198,91261.60000000,91328.00000000,91238.58000000,91328.00000000,3.82372000,91348.0,91380.0,91348.0,91380.0,0.00094958,91255.53,91300,91241.22,91300,1.33536714,91258.3,91319.9,91240.5,91319.9,874061.72875730
2025-11-28 11:26:00,91313.28,91313.28,91240.26,91242.51,2.67425511,91328.00000000,91328.00000000,91255.49000000,91255.50000000,6.65667000,91380.0,91380.0,91380.0,91380.0,0.00128149,91300,91330.63,91255.17,91257.95,4.94016532,91320.6,91320.6,91255.8,91255.8,758142.46917660
2025-11-28 11:27:00,91242.51,91266.97,91242.51,91266.97,1.21446502,91255.50000000,91280.00000000,91255.49000000,91280.00000000,3.19560000,91345.0,91345.0,91345.0,91345.0,0.04391984,91257.95,91282.41,91257.94,91282.41,1.59933478,91255.9,91282.7,91255.8,91282.6,873858.65685640
2025-11-28 11:28:00,91266.97,91338.47,91266.97,91324.67,4.59581375,91279.99000000,91345.20000000,91279.99000000,91344.16000000,3.63333000,91376.0,91390.0,91376.0,91390.0,0.00084401,91282.41,91347.67,91282.41,91334.63,2.58601727,91282.7,91342.5,91282.7,91332.3,956240.52491740
2025-11-28 11:29:00,91324.66,91324.67,91276.64,91276.64,0.39136651,91344.17000000,91344.17000000,91283.17000000,91283.17000000,2.28003000,91400.0,91400.0,91400.0,91400.0,4.3e-07,91334.63,91344.01,91298.42,91298.42,0.9391255,91332.3,91332.3,91283.9,91283.9,813882.86963340
2025-11-28 11:30:00,91271.85,91280.65,91246.84,91276.01,1.08831604,91283.16000000,91296.57000000,91262.11000000,91289.38000000,4.12521000,,,,,,91298.42,91299.33,91264.31,91281.86,1.58361389,91283.9,91287.1,91264.5,91287,592839.53625910
2025-11-28 11:31:00,91276.01,91358.07,91252.29,91339.34,2.16068527,91289.37000000,91361.38000000,91263.51000000,91353.62000000,4.68567000,91364.0,91410.0,91364.0,91410.0,0.029763710000000002,91281.86,91356.24,91266.08,91356.23,3.77760327,91287,91360.3,91264.6,91351.5,676107.62120250
2025-11-28 11:32:00,91339.33,91339.33,91282.11,91282.64,2.88643489,91353.62000000,91353.62000000,91297.54000000,91298.71000000,1.79890000,91419.0,91419.0,91386.0,91386.0,0.01085258,91356.23,91356.24,91300.58,91301.74,1.12617208,91351.5,91351.5,91295.2,91295.3,689096.09371610
2025-11-28 11:33:00,91282.64,91306.07,91262.07,91276.29,6.39416236,91298.70000000,91324.78000000,91279.35000000,91295.41000000,13.18155000,,,,,,91301.74,91331.07,91282.39,91298.44,7.85312076,91295.2,91315.1,91269.7,91287.1,643030.14209900
2025-11-28 11:34:00,91276.29,91320.16,91276.28,91282.1,3.33269356,91295.41000000,91331.17000000,91292.67000000,91292.68000000,6.87628000,91407.0,91407.0,91407.0,91407.0,0.00013034,91298.44,91334.14,91295.65,91295.65,4.14957386,91287.1,91325.1,91287.1,91302.6,543804.62120630
2025-11-28 11:35:00,91282.11,91286.52,91252.98,91286.52,1.88748411,91292.68000000,91303.73000000,91266.49000000,91303.73000000,5.57846000,91400.0,91400.0,91400.0,91400.0,4.333e-05,91295.65,91300.96,91269.5,91292.66,2.92000978,91295.7,91301.9,91273.2,91301.9,438879.12968130
2025-11-28 11:36:00,91291.29,91310.96,91274.83,91303.94,0.799191,91303.73000000,91333.18000000,91291.11000000,91317.78000000,5.27776000,91395.0,91400.0,91395.0,91400.0,0.01694151,91292.66,91332.33,91292.66,91331.65,2.97665746,91301.8,91322.6,91292.8,91322.6,492514.08729080
2025-11-28 11:37:00,91302.67,91315.85,91261.12,91288.11,3.4263357,91317.78000000,91332.75000000,91279.35000000,91301.55000000,12.66457000,,,,,,91331.65,91331.65,91282.36,91304.44,8.07856807,91322.6,91325.1,91279.9,91291.7,494628.55678600
2025-11-28 11:38:00,91291.01,91307.19,91282.1,91283.57,0.83015041,91301.55000000,91319.14000000,91298.89000000,91300.00000000,4.23030000,91391.0,91391.0,91384.0,91384.0,0.0668838,91304.44,91322.03,91302.3,91302.54,2.82720447,91295.6,91309.8,91291.6,91291.6,593418.96757970
2025-11-28 11:39:00,91283.56,91283.56,91247.41,91251.18,0.91335355,91300.00000000,91300.01000000,91265.00000000,91267.57000000,3.20566000,,,,,,91302.54,91302.54,91269.72,91270.37,1.78252825,91291.6,91291.6,91268.2,91268.2,425221.71838300
2025-11-28 11:40:00,91251.17,91251.17,91193.64,91246.77,1.14864405,91267.57000000,91267.57000000,91211.37000000,91260.00000000,6.03103000,91348.0,91348.0,91311.0,91348.0,0.01680452,91270.37,91270.37,91226.48,91262.86,2.58348029,91268.2,91268.2,91214.3,91254.9,490286.68771260
2025-11-28 11:41:00,91246.77,91286.52,91218.06,91268.04,7.02604021,91260.00000000,91295.09000000,91232.86000000,91280.00000000,8.23569000,91333.0,91349.0,91333.0,91349.0,1.50205205,91262.86,91297.68,91235.53,91282.35,4.9437429,91254.8,91288.9,91231.2,91277.4,589612.77061620
2025-11-28 11:42:00,91268.04,91323.94,91268.03,91311.99,4.13459978,91279.99000000,91347.65000000,91279.99000000,91333.27000000,13.33528000,91384.0,91415.0,91384.0,91415.0,0.00403487,91282.35,91345,91282.34,91335.63,8.00312962,91277.5,91337.1,91277.5,91327.6,566670.57992960
2025-11-28 11:43:00,91311.99,91316.0,91286.41,91301.99,0.71796137,91333.28000000,91333.28000000,91304.87000000,91327.57000000,4.52603000,,,,,,91335.63,91336.11,91306.79,91330.41,2.72482409,91327.6,91334.6,91309.6,91323.3,446592.84853770
2025-11-28 11:44:00,91301.99,91335.43,91257.19,91276.73,4.53073596,91327.58000000,91358.94000000,91283.16000000,91296.86000000,6.10741000,91391.0,91418.0,91391.0,91395.0,0.70799457,91330.41,91361.76,91291.01,91299.67,3.63410814,91323.3,91346.4,91272.9,91290.5,446869.15545620
2025-11-28 11:45:00,91276.73,91359.71,91276.73,91356.98,3.03236352,91296.86000000,91374.93000000,91296.85000000,91371.77000000,5.53716000,91414.0,91439.0,91414.0,91439.0,0.05148524,91299.67,91363.86,91299.67,91363.86,1.73016665,91290.5,91369.9,91290.5,91365.3,731418.38239750
2025-11-28 11:46:00,91357.74,91378.59,91354.66,91378.59,2.0071955,91371.78000000,91394.00000000,91371.77000000,91393.99000000,10.15770000,91440.0,91471.0,91440.0,91471.0,0.01352904,91363.86,91397.84,91363.86,91397.06,7.96362051,91370.5,91394.9,91370.5,91390.4,647155.91591870
2025-11-28 11:47:00,91378.59,91380.99,91352.98,91356.36,1.44827695,91394.00000000,91399.72000000,91374.01000000,91374.01000000,4.81748000,91470.0,91470.0,91470.0,91470.0,0.00119718,91397.06,91400,91376.89,91376.92,3.13157213,91390.3,91390.4,91371.1,91371.5,616456.84467650
2025-11-28 11:48:00,91356.36,91372.0,91356.36,91372.0,1.08341988,91374.02000000,91389.45000000,91374.01000000,91389.45000000,2.64695000,91458.0,91464.0,91458.0,91464.0,0.0056259000000000005,91376.92,91392.33,91376.91,91389.33,1.53128096,91371.5,91384.8,91371.5,91384.8,696848.98490680
2025-11-28 11:49:00,91372.0,91394.01,91370.0,91382.98,0.97847953,91389.45000000,91414.36000000,91389.44000000,91395.46000000,2.67209000,91466.0,91506.0,91466.0,91473.0,0.20046777,91389.33,91406.99,91389.32,91397.45,1.74135759,91384.8,91399.1,91384.8,91389.7,668119.92647640
2025-11-28 11:50:00,91382.97,91400.02,91340.31,91394.37,3.11598548,91395.47000000,91418.29000000,91349.35000000,91408.73000000,9.32598000,91459.0,91487.0,91459.0,91487.0,0.00040215,91397.45,91420.57,91368.76,91410.88,5.56825114,91389.7,91404.6,91351.6,91404.6,407270.91919550
2025-11-28 11:51:00,91394.36,91397.05,91365.02,91367.64,1.22683443,91408.72000000,91408.73000000,91386.46000000,91386.47000000,3.15024000,,,,,,91410.88,91410.89,91389.13,91389.15,2.00347944,91404.6,91404.6,91381.3,91381.4,287021.44983710
2025-11-28 11:52:00,91365.03,91365.05,91301.2,91306.58,3.45020458,91386.46000000,91386.47000000,91317.02000000,91327.96000000,9.27559000,91458.0,91458.0,91442.0,91442.0,0.0287872,91389.15,91389.15,91319.56,91330.58,5.44408999,91381.3,91381.3,91315.2,91319.7,418313.25924240
2025-11-28 11:53:00,91306.57,91331.74,91306.57,91331.74,1.20088707,91327.96000000,91350.18000000,91322.64000000,91350.18000000,4.08618000,91437.0,91437.0,91437.0,91437.0,0.00029612,91330.58,91352.58,91324.88,91352.57,2.58626014,91319.7,91344.6,91319.7,91343.2,340282.67864530
2025-11-28 11:54:00,91331.73,91407.85,91331.27,91396.67,13.61054152,91350.17000000,91421.00000000,91350.17000000,91415.82000000,7.55360000,91471.0,91471.0,91471.0,91471.0,0.01109087,91352.57,91423.54,91352.57,91418.31,4.63015114,91343.2,91425,91343.2,91416.3,381646.97264600
2025-11-28 11:55:00,91396.67,91463.99,91396.66,91442.03,8.6276411,91415.83000000,91459.20000000,91415.82000000,91451.38000000,7.46843000,91475.0,91510.0,91475.0,91510.0,0.00321298,91418.31,91461.68,91418.31,91453.66,3.68284428,91416.3,91455,91416.3,91454.9,474441.80781260
2025-11-28 11:56:00,91446.03,91466.43,91436.24,91445.33,3.60989116,91451.37000000,91475.21000000,91451.37000000,91461.02000000,25.09804000,91520.0,91521.0,91520.0,91521.0,0.0006729500000000001,91453.66,91477.51,91453.66,91463.29,15.83838569,91455,91469.3,91455,91455.1,459824.94889030
2025-11-28 11:57:00,91445.33,91471.59,91445.33,91455.49,3.76361405,91461.03000000,91477.05000000,91461.02000000,91470.13000000,8.66293000,91531.0,91539.0,91531.0,91539.0,0.0006012299999999999,91463.29,91479.33,91463.28,91472.43,5.1980096,91455.1,91470.7,91455.1,91468.8,546308.89030010
2025-11-28 11:58:00,91455.49,91467.71,91454.0,91461.44,2.15675735,91470.13000000,91477.05000000,91470.13000000,91477.04000000,4.05706000,,,,,,91472.43,91479.85,91472.42,91479.85,2.33065022,91468.9,91468.9,91468.8,91468.8,436910.34733910
2025-11-28 11:59:00,91461.44,91467.72,91420.0,91420.04,7.19840738,91477.05000000,91477.05000000,91437.63000000,91437.64000000,5.47684000,,,,,,91479.85,91479.93,91439.39,91440.46,3.41047036,91468.8,91468.9,91436.2,91436.2,536397.08043320
2025-11-28 12:00:00,91420.0,91426.77,91388.25,91426.77,5.26881301,91437.64000000,91443.14000000,91406.70000000,91443.13000000,8.61391000,91506.0,91506.0,91506.0,91506.0,0.00159733,91440.46,91445.36,91419.92,91445.36,4.1096776,91436.3,91436.3,91408.2,91436.3,328034.71759540
2025-11-28 12:01:00,91426.38,91455.44,91424.02,91443.71,2.90412232,91443.14000000,91468.63000000,91439.60000000,91453.19000000,5.22978000,91510.0,91510.0,91510.0,91510.0,0.00888928,91445.36,91470.8,91441.79,91455.35,3.85989611,91436.3,91466.6,91436.2,91457.6,391407.38148490
2025-11-28 12:02:00,91441.99,91492.36,91435.7,91458.93,3.24617419,91453.19000000,91500.00000000,91453.18000000,91472.53000000,10.76186000,91539.0,91570.0,91539.0,91570.0,0.00205712,91455.35,91500,91455.35,91474.73,6.40695926,91457.6,91495.3,91457.6,91471.5,305899.01852190
2025-11-28 12:03:00,91456.83,91557.42,91448.6,91514.02,5.76666859,91472.53000000,91559.99000000,91466.80000000,91529.84000000,14.50320000,91573.0,91620.0,91573.0,91620.0,0.01057778,91474.73,91562.56,91468.97,91540.43,4.75492467,91471.5,91555.1,91466,91531.6,592235.87393160
2025-11-28 12:04:00,91510.45,91529.95,91481.1,91490.16,4.44713754,91529.85000000,91541.73000000,91499.99000000,91501.10000000,11.97298000,91613.0,91613.0,91611.0,91611.0,0.00200454,91540.43,91540.43,91502.01,91502.11,11.07053766,91527.7,91537,91502.8,91502.9,332911.54320280
2025-11-28 12:05:00,91490.15,91498.15,91455.42,91476.0,2.16763748,91501.09000000,91513.27000000,91471.37000000,91495.26000000,5.01279000,91599.0,91599.0,91599.0,91599.0,0.00044,91502.11,91515.01,91471.86,91495.91,2.81051308,91502.9,91511,91471.6,91482.9,556613.92263880
2025-11-28 12:06:00,91475.99,91482.8,91444.01,91477.69,2.55873586,91495.26000000,91499.44000000,91462.45000000,91499.44000000,5.32077000,91579.0,91588.0,91550.0,91579.0,0.13534603,91495.91,91495.91,91462.69,91495.72,2.67963128,91482.9,91489.4,91461,91489.4,588466.58872900
2025-11-28 12:07:00,91476.0,91581.69,91472.37,91576.91,3.78958771,91499.44000000,91600.00000000,91493.56000000,91600.00000000,10.03155000,91584.0,91645.0,91584.0,91645.0,0.024664739999999997,91495.72,91599,91493.38,91598.99,4.83265936,91489.3,91593.9,91489.3,91593.8,627363.94739050
2025-11-28 12:08:00,91576.91,91596.93,91550.74,91563.91,6.75490118,91599.99000000,91608.56000000,91567.36000000,91581.41000000,21.80733000,91660.0,91670.0,91660.0,91670.0,0.00098285,91598.99,91599.81,91567.14,91599,9.14729808,91593.9,91603.4,91570.4,91575.3,619574.57037510
2025-11-28 12:09:00,91563.9,91580.69,91541.53,91544.41,4.412057,91581.42000000,91596.83000000,91556.57000000,91556.57000000,10.07021000,91668.0,91681.0,91668.0,91677.0,0.011406429999999999,91599,91599,91555.91,91555.92,11.76430371,91575.2,91588.5,91554.2,91554.2,569223.98828160
2025-11-28 12:10:00,91541.54,91541.54,91514.66,91523.55,2.5551613,91556.57000000,91556.58000000,91528.50000000,91539.87000000,9.26632000,,,,,,91555.92,91555.92,91527.17,91537.76,5.46232216,91554.2,91554.2,91530,91530,686586.55164510
2025-11-28 12:11:00,91523.54,91534.1,91514.65,91530.02,1.83937092,91539.86000000,91550.77000000,91535.49000000,91550.76000000,2.93248000,,,,,,91537.76,91548.66,91533.35,91548.65,1.7942859,91530.1,91545.2,91530,91545.2,563600.12273480
2025-11-28 12:12:00,91530.02,91542.87,91507.45,91542.87,2.54154463,91550.76000000,91555.79000000,91521.59000000,91555.78000000,4.58620000,91643.0,91643.0,91637.0,91637.0,0.25154627,91548.65,91548.65,91516.41,91544.94,2.67461524,91545.3,91550,91524.9,91550,613103.44660120
2025-11-28 12:13:00,91542.87,91542.87,91484.13,91484.3,1.29933261,91555.79000000,91555.79000000,91506.00000000,91506.00000000,4.80221000,91644.0,91644.0,91629.0,91629.0,0.00250442,91544.94,91553.65,91498.36,91503.74,2.96721804,91549.9,91550,91509.1,91509.1,699643.69881580
2025-11-28 12:14:00,91484.3,91535.9,91484.29,91510.13,2.84846468,91506.01000000,91549.85000000,91506.00000000,91519.70000000,11.63766000,,,,,,91503.74,91548.71,91503.73,91524.98,6.8409852,91509.2,91542.8,91509.1,91525.1,541364.48999930
2025-11-28 12:15:00,91508.73,91514.71,91461.17,91508.84,1.45978583,91519.70000000,91529.72000000,91474.62000000,91527.73000000,6.38980000,91621.0,91621.0,91621.0,91621.0,0.00023329,91524.98,91527.43,91480.92,91525.42,3.56747111,91525,91525,91480.2,91519.2,500108.37792830
2025-11-28 12:16:00,91508.84,91508.85,91353.94,91438.2,12.18719217,91527.73000000,91527.74000000,91412.49000000,91456.37000000,7.28339000,91613.0,91613.0,91530.0,91530.0,0.00407176,91525.42,91525.43,91428.45,91437.66,2.68118645,91519.3,91519.3,91412.9,91449.6,780707.75536640
2025-11-28 12:17:00,91438.2,91487.94,91390.27,91485.53,9.34174524,91456.37000000,91503.04000000,91423.39000000,91503.04000000,3.73585000,91582.0,91582.0,91582.0,91582.0,0.09953,91437.66,91500.79,91437.56,91500.54,4.00004564,91449.5,91496,91425.7,91495.9,392344.73530250
2025-11-28 12:18:00,91485.98,91507.08,91473.01,91497.18,2.06879056,91503.04000000,91528.72000000,91499.46000000,91519.99000000,6.46168000,91582.0,91583.0,91582.0,91583.0,0.011789889999999999,91500.54,91526.3,91500.07,91517.52,3.88155002,91496,91522.7,91496,91518.4,372885.20588960
2025-11-28 12:19:00,91497.18,91541.54,91491.18,91541.54,1.43120237,91519.98000000,91555.78000000,91513.94000000,91555.77000000,2.07900000,91591.0,91591.0,91591.0,91591.0,0.00123339,91517.52,91552.97,91513.09,91552.93,1.24697984,91518.4,91552.5,91518.4,91552.5,404766.00131550
2025-11-28 12:20:00,91541.54,91575.95,91533.94,91572.87,3.24610345,91555.78000000,91587.84000000,91555.77000000,91587.83000000,1.89657000,91623.0,91660.0,91623.0,91660.0,0.005,91552.93,91584.97,91552.93,91584.94,1.11445296,91552.4,91581.6,91552.4,91581.6,37198.37390180
2025-11-28 12:21:00,91572.87,91593.24,91550.5,91550.5,2.82061645,91587.83000000,91613.78000000,91568.24000000,91568.24000000,8.88100000,91657.0,91668.0,91657.0,91668.0,0.00119097,91584.94,91611,91565.29,91565.29,5.32645593,91592.8,91604.6,91570.1,91570.1,40878.41841900
2025-11-28 12:22:00,91550.48,91570.22,91518.57,91556.4,2.32934753,91568.25000000,91591.17000000,91537.05000000,91576.32000000,6.81016000,,,,,,91565.29,91588.26,91552,91573.24,4.05830174,91570.1,91580.3,91535.3,91578.5,50247.57079500
2025-11-28 12:23:00,91556.4,91567.11,91514.26,91516.99,5.45252392,91576.32000000,91583.83000000,91537.05000000,91537.05000000,8.29191000,91645.0,91645.0,91645.0,91645.0,0.164778,91573.24,91580.84,91537.13,91544.59,4.96303133,91578.5,91580.1,91543.6,91543.6,41168.47085590
2025-11-28 12:24:00,91518.74,91546.04,91518.74,91536.03,1.22469119,91537.06000000,91563.50000000,91537.06000000,91557.17000000,1.18785000,,,,,,91544.59,91560.57,91534.06,91554.17,0.80334624,91535.5,91552.9,91535.5,91552.8,17618.86719800
2025-11-28 12:25:00,91536.03,91536.03,91508.01,91513.19,1.34965263,91557.18000000,91557.18000000,91530.28000000,91530.29000000,3.38960000,91651.0,91651.0,91612.0,91612.0,0.00531434,91554.17,91554.17,91525.46,91527.28,1.43723042,91552.8,91552.8,91523.5,91523.5,464860.32975150
2025-11-28 12:26:00,91513.67,91539.77,91498.05,91538.04,4.00253903,91530.29000000,91561.19000000,91521.68000000,91561.18000000,5.15907000,91619.0,91619.0,91619.0,91619.0,0.00308376,91527.28,91558.33,91518.75,91558.33,2.84849019,91523.6,91549.2,91518.9,91549.2,410332.20560900
2025-11-28 12:27:00,91538.04,91577.37,91536.08,91576.91,1.68969873,91561.18000000,91587.84000000,91561.18000000,91587.83000000,1.28328000,91647.0,91650.0,91643.0,91650.0,0.50059419,91558.33,91584.82,91558.15,91584.79,0.98485782,91549.2,91586.6,91549.1,91586.6,700300.66204270
2025-11-28 12:28:00,91576.9,91578.9,91552.4,91552.4,1.66629475,91587.83000000,91591.30000000,91569.51000000,91569.52000000,2.14671000,91665.0,91669.0,91665.0,91669.0,0.00052842,91584.79,91588.27,91566.32,91566.32,1.22903653,91586.5,91586.6,91576.3,91576.3,512029.72562700
2025-11-28 12:29:00,91552.4,91552.4,91529.14,91543.25,1.51640764,91569.51000000,91569.52000000,91545.34000000,91558.33000000,5.64510000,91649.0,91649.0,91649.0,91649.0,0.00021,91566.32,91566.34,91542.3,91555.42,3.45693262,91576.3,91576.3,91543.8,91552.6,384023.02840080
2025-11-28 12:30:00,91543.25,91543.25,91498.0,91498.02,1.73023968,91558.33000000,91558.34000000,91512.84000000,91512.85000000,5.41780000,91649.0,91649.0,91626.0,91627.0,0.17537808,91555.42,91555.42,91509.87,91509.88,1.90860013,91552.6,91552.6,91515.2,91515.3,413242.94607170
2025-11-28 12:31:00,91498.02,91507.07,91443.95,91445.05,2.79769632,91512.85000000,91520.00000000,91458.92000000,91460.35000000,9.57520000,,,,,,91509.88,91517.14,91454.62,91457.85,6.33660436,91507.9,91525.3,91463.6,91463.6,381967.04780810
2025-11-28 12:32:00,91445.05,91489.86,91445.05,91489.86,2.96577218,91460.35000000,91508.00000000,91460.35000000,91507.99000000,5.95200000,,,,,,91457.85,91500.8,91457.85,91491.12,3.42314508,91463.7,91493.9,91463.7,91493.9,339693.78829490
2025-11-28 12:33:00,91495.6,91565.65,91495.59,91547.27,0.69737825,91508.00000000,91583.83000000,91507.99000000,91566.59000000,10.37906000,,,,,,91491.12,91580.84,91491.12,91563.62,6.78681166,91504.7,91571.3,91504.7,91562.9,437929.90976130
2025-11-28 12:34:00,91547.27,91610.42,91545.82,91591.52,1.95147325,91566.59000000,91629.56000000,91563.89000000,91612.44000000,9.30961000,91673.0,91680.0,91673.0,91680.0,0.00042184000000000004,91563.62,91626.5,91560.88,91609.39,4.94030954,91563,91624.1,91562.9,91609.8,598954.92622370
2025-11-28 12:35:00,91591.54,91604.68,91571.69,91604.67,1.3057399,91612.44000000,91620.00000000,91588.29000000,91619.99000000,6.48627000,,,,,,91609.39,91616.98,91585.58,91616.93,4.78026786,91609.8,91617.5,91595.5,91617.4,534471.89655020
2025-11-28 12:36:00,91604.67,91705.6,91599.04,91626.02,9.27427399,91620.00000000,91692.30000000,91619.99000000,91640.40000000,15.39856000,91680.0,91741.0,91680.0,91741.0,0.008478059999999999,91616.93,91688.69,91616.93,91639.41,9.2448105,91617.5,91685.8,91617.4,91636.9,559114.95874260
2025-11-28 12:37:00,91626.03,91657.59,91553.78,91576.07,10.83934546,91640.40000000,91667.60000000,91570.00000000,91582.88000000,20.17933000,91725.0,91749.0,91658.0,91667.0,0.52730689,91639.41,91657.42,91568.95,91582.07,12.08094142,91636.9,91668.6,91568.6,91583.1,1634369.19838980
2025-11-28 12:38:00,91567.13,91576.01,91514.59,91514.59,6.57374147,91582.88000000,91590.53000000,91537.05000000,91537.05000000,4.27529000,91668.0,91668.0,91668.0,91668.0,1.54245655,91582.07,91589.74,91541.53,91541.54,2.52636537,91583.1,91583.2,91535.4,91535.4,463342.02843710
2025-11-28 12:39:00,91514.6,91525.18,91501.34,91521.71,2.50990704,91537.06000000,91537.06000000,91521.90000000,91536.14000000,2.27755000,,,,,,91541.54,91541.54,91520.7,91535.06,1.43823374,91535.4,91535.5,91517.6,91527,382436.99408400
2025-11-28 12:40:00,91521.72,91559.54,91503.55,91503.55,3.334634,91536.14000000,91567.98000000,91521.90000000,91521.90000000,4.20270000,,,,,,91535.06,91566.85,91529.97,91529.97,0.87767062,91527,91563.5,91520,91520,1481944.26205060
2025-11-28 12:41:00,91503.55,91512.84,91476.0,91501.43,3.04746491,91521.90000000,91525.86000000,91500.00000000,91512.98000000,3.38545000,91630.0,91630.0,91630.0,91630.0,0.0014,91529.97,91529.97,91500,91521.06,1.74937421,91519.6,91519.6,91493.7,91507.1,1845912.45851790
2025-11-28 12:42:00,91501.43,91501.43,91473.89,91473.89,0.33582741,91512.98000000,91512.99000000,91493.56000000,91493.56000000,3.84835000,91612.0,91612.0,91612.0,91612.0,0.00135698,91521.06,91521.06,91493.08,91493.09,2.64194605,91507.2,91507.2,91488.8,91488.8,605445.77807450
2025-11-28 12:43:00,91473.9,91489.2,91473.89,91477.79,1.74502903,91493.57000000,91503.25000000,91493.56000000,91493.56000000,0.76696000,91611.0,91611.0,91611.0,91611.0,0.00027,91493.09,91502.76,91493.08,91493.13,0.49909301,91488.8,91499.2,91488.8,91493.3,753027.95844870
2025-11-28 12:44:00,91477.79,91478.84,91466.33,91466.88,0.8057835,91493.57000000,91493.57000000,91480.34000000,91480.34000000,2.46149000,91611.0,91611.0,91611.0,91611.0,0.00451134,91493.13,91493.24,91479.94,91480.01,1.44203565,91493.3,91493.3,91470.6,91470.6,703213.79829020
2025-11-28 12:45:00,91466.88,91466.88,91422.01,91426.72,4.85348795,91480.34000000,91480.35000000,91443.26000000,91443.27000000,3.49616000,91580.0,91580.0,91570.0,91570.0,0.00510025,91480.01,91480.02,91443.49,91443.49,2.02851716,91470.6,91470.6,91432.2,91441.3,1393505.60832860
2025-11-28 12:46:00,91424.06,91478.0,91386.0,91460.1,7.07328109,91443.27000000,91486.29000000,91405.69000000,91472.03000000,9.29535000,91560.0,91560.0,91521.0,91521.0,0.06317966,91443.49,91486.35,91405.75,91472.08,5.603107,91438.6,91476.1,91392.7,91468.1,1565620.14788130
2025-11-28 12:47:00,91460.09,91507.52,91454.41,91493.87,1.07015355,91472.03000000,91515.62000000,91472.03000000,91512.73000000,2.87091000,91575.0,91609.0,91575.0,91609.0,1.00095542,91472.08,91515.64,91472.07,91512.22,1.71526245,91468.1,91511.7,91468.1,91503.1,497085.37496260
2025-11-28 12:48:00,91493.87,91503.99,91486.83,91495.17,2.48943305,91512.74000000,91520.00000000,91505.00000000,91513.87000000,2.46979000,91609.0,91609.0,91609.0,91609.0,0.00029895,91512.22,91519.57,91504.41,91513.68,1.57153246,91503.2,91508.6,91495.4,91501,522394.28371580
2025-11-28 12:49:00,91495.17,91510.63,91461.17,91461.17,1.06489127,91513.88000000,91520.38000000,91482.60000000,91482.60000000,3.41168000,91591.0,91591.0,91591.0,91591.0,0.00029901,91513.68,91520.2,91482.4,91482.41,1.41426916,91501,91508.6,91477.5,91477.5,235363.98250150
2025-11-28 12:50:00,91461.19,91469.25,91455.42,91461.18,0.42879063,91482.61000000,91482.83000000,91470.26000000,91477.44000000,3.64316000,91573.0,91573.0,91558.0,91558.0,0.0023673599999999998,91482.41,91482.65,91470.04,91477.11,2.56872537,91472.7,91472.7,91466.6,91466.6,1053780.49234810
2025-11-28 12:51:00,91457.81,91475.37,91444.0,91472.59,1.4934139,91477.43000000,91482.90000000,91455.48000000,91482.89000000,2.83237000,,,,,,91477.11,91482.67,91466.39,91482.62,1.6815402,91463.5,91476.5,91449.5,91476.5,1438790.49014590
2025-11-28 12:52:00,91472.59,91505.44,91472.59,91501.63,1.65369768,91482.90000000,91521.16000000,91482.90000000,91521.16000000,6.21549000,,,,,,91482.62,91519.46,91482.62,91519.46,3.74261826,91484.7,91506.7,91484.7,91506.6,529302.12247850
2025-11-28 12:53:00,91501.89,91507.07,91499.03,91502.09,0.79984316,91521.16000000,91521.16000000,91513.61000000,91513.62000000,0.69004000,,,,,,91519.46,91519.46,91513.02,91513.03,0.41163512,91506.6,91506.7,91505.8,91505.8,955921.14245270
2025-11-28 12:54:00,91502.09,91514.0,91478.38,91478.39,2.23884742,91513.62000000,91516.93000000,91493.56000000,91493.56000000,5.76434000,,,,,,91513.03,91516.05,91492.68,91492.7,3.47261657,91505.9,91505.9,91487,91487,829604.98208150
2025-11-28 12:55:00,91478.39,91478.39,91466.95,91476.36,0.51918271,91493.56000000,91493.57000000,91480.78000000,91488.36000000,1.26049000,91581.0,91581.0,91581.0,91581.0,0.0002956,91492.7,91492.75,91479.96,91487.54,1.00852419,91483.5,91483.5,91477.5,91482.1,287463.43994020
2025-11-28 12:56:00,91476.36,91509.99,91476.36,91496.18,4.5401987,91488.36000000,91521.67000000,91488.36000000,91505.23000000,3.39508000,,,,,,91487.54,91519.46,91487.54,91504.35,1.66097911,91482.1,91508.8,91482.1,91499.6,809227.73769680
2025-11-28 12:57:00,91496.22,91503.98,91496.22,91498.02,0.49625193,91505.23000000,91514.85000000,91505.22000000,91514.85000000,0.51032000,,,,,,91504.35,91514.73,91504.35,91514.73,0.78921653,91499.7,91499.7,91499.6,91499.6,441651.37634980
2025-11-28 12:58:00,91498.02,91502.2,91476.03,91497.12,1.22857589,91514.85000000,91514.85000000,91493.56000000,91507.18000000,2.17295000,91583.0,91583.0,91583.0,91583.0,0.00024,91514.73,91514.73,91493.45,91507.07,1.24974731,91499.6,91499.6,91481.3,91498.9,1244259.89229530
2025-11-28 12:59:00,91497.12,91508.64,91497.11,91504.07,1.81426903,91507.18000000,91513.41000000,91507.17000000,91513.40000000,1.18226000,91584.0,91584.0,91584.0,91584.0,0.00062009,91507.07,91513.39,91507.07,91513.38,0.67881469,91498.9,91498.9,91498.8,91498.9,291440.02213280
2025-11-28 13:00:00,91506.82,91528.02,91497.12,91528.02,2.671015,91513.40000000,91537.06000000,91511.74000000,91537.06000000,5.60724000,91584.0,91584.0,91584.0,91584.0,0.0031231,91513.38,91537.03,91511.68,91537.03,3.31615286,91498.9,91526.2,91497.9,91526.2,896610.89360800
2025-11-28 13:01:00,91528.02,91570.24,91528.02,91535.79,1.22420924,91537.05000000,91579.61000000,91537.05000000,91543.54000000,9.62153000,91616.0,91617.0,91616.0,91617.0,0.00526244,91537.03,91574.47,91537.02,91543.67,5.43134216,91526.2,91567.3,91526.2,91541.5,452867.43693810
2025-11-28 13:02:00,91535.79,91535.79,91519.15,91519.16,3.01768151,91543.54000000,91547.89000000,91534.38000000,91534.38000000,1.50718000,91632.0,91632.0,91632.0,91632.0,0.0005,91543.67,91547.61,91533.94,91533.94,1.37700125,91541.4,91544.3,91525.2,91525.3,212466.69935220
2025-11-28 13:03:00,91519.16,91519.16,91485.95,91489.87,1.03371871,91534.37000000,91534.38000000,91500.72000000,91503.07000000,3.03856000,,,,,,91533.94,91533.97,91500.3,91505.81,1.79729686,91525.3,91525.3,91492.8,91498.6,204609.96345220
2025-11-28 13:04:00,91489.86,91567.42,91475.97,91561.99,8.01269703,91503.07000000,91573.88000000,91486.98000000,91573.88000000,8.85718000,91582.0,91625.0,91582.0,91625.0,0.02115642,91505.81,91548.47,91486.52,91548.47,1.44220608,91496.4,91562.4,91480.3,91562.4,347085.90644890
2025-11-28 13:05:00,91562.0,91587.93,91549.96,91587.93,3.00061978,91573.88000000,91598.28000000,91564.74000000,91598.28000000,3.42723000,91650.0,91650.0,91650.0,91650.0,0.00604722,91548.47,91597.99,91548.47,91597.99,5.55652731,91562.5,91582.9,91558.7,91582.9,391411.34132970
2025-11-28 13:06:00,91587.93,91617.11,91587.93,91605.72,1.43220882,91598.27000000,91633.69000000,91598.27000000,91620.12000000,8.35959000,91670.0,91680.0,91670.0,91680.0,0.00210128,91597.99,91629.62,91597.99,91619.24,5.3841704,91582.9,91618.1,91582.9,91613.7,371967.34641820
2025-11-28 13:07:00,91605.72,91605.72,91403.78,91449.68,15.58175574,91620.13000000,91620.13000000,91409.34000000,91463.65000000,32.83212000,91687.0,91687.0,91570.0,91570.0,1.1607925000000001,91619.24,91619.24,91412.52,91462.69,12.46307972,91613.7,91613.7,91411,91459.8,850773.76765950
2025-11-28 13:08:00,91449.67,91484.0,91377.0,91407.99,23.86865228,91463.65000000,91486.29000000,91390.94000000,91419.50000000,24.40975000,91541.0,91590.0,91501.0,91501.0,0.6937577500000001,91462.69,91486.39,91393.63,91418.05,10.04749609,91459.8,91488.7,91389.8,91412.3,725537.86918830
2025-11-28 13:09:00,91407.98,91426.0,91364.0,91412.64,2.15038075,91419.50000000,91435.51000000,91380.94000000,91419.97000000,5.50804000,91516.0,91527.0,91500.0,91526.0,0.02852308,91418.05,91433.83,91390,91418.24,15.25807896,91412.2,91428.8,91376,91415.1,435334.26220920
2025-11-28 13:10:00,91412.64,91443.94,91408.97,91432.24,3.29112011,91419.97000000,91457.61000000,91419.96000000,91442.25000000,8.99339000,,,,,,91418.24,91455.86,91418.24,91448.56,4.89792512,91415.9,91445.5,91415.9,91438.4,1030200.66918960
2025-11-28 13:11:00,91438.19,91476.39,91434.1,91473.15,1.45760254,91442.24000000,91483.41000000,91442.24000000,91483.40000000,1.50742000,91553.0,91574.0,91553.0,91572.0,0.046338779999999996,91448.56,91484.54,91440.44,91481.72,1.1360144,91438.5,91476.4,91438.4,91476.4,1234907.59507500
2025-11-28 13:12:00,91473.15,91484.11,91429.33,91429.33,1.09475742,91483.41000000,91486.29000000,91438.43000000,91438.43000000,2.55083000,,,,,,91481.72,91484.42,91442.17,91442.17,1.34579591,91476.4,91480.9,91442.7,91442.7,1092731.40506390
2025-11-28 13:13:00,91429.33,91461.16,91419.05,91461.16,1.96638473,91438.43000000,91477.04000000,91428.69000000,91477.04000000,7.75823000,91551.0,91551.0,91551.0,91551.0,0.00028421,91442.17,91462.42,91424.36,91462.42,4.78564623,91442.7,91466.6,91429.3,91466.6,1257703.57659270
2025-11-28 13:14:00,91466.9,91494.04,91466.9,91479.99,2.9414534,91477.05000000,91493.11000000,91477.04000000,91491.84000000,2.20778000,,,,,,91462.42,91490,91462.42,91489.99,1.39360909,91469.9,91486,91469.9,91485,1292242.82089870
2025-11-28 13:15:00,91479.99,91479.99,91439.62,91439.62,1.80716619,91491.83000000,91492.07000000,91445.34000000,91445.34000000,3.94744000,,,,,,91489.99,91489.99,91448.56,91448.56,2.15167338,91485,91485.1,91442.7,91442.7,568661.41564850
2025-11-28 13:16:00,91439.63,91464.15,91420.98,91440.85,2.81046355,91445.34000000,91474.90000000,91435.50000000,91454.47000000,5.62007000,,,,,,91448.56,91471.47,91433.78,91452.74,3.2940501,91442.7,91466,91429.3,91442,377469.86698690
2025-11-28 13:17:00,91439.98,91461.16,91425.24,91436.82,1.23604243,91454.46000000,91472.15000000,91443.36000000,91450.08000000,2.90655000,,,,,,91452.74,91470.37,91441.56,91448.26,1.71459531,91442.1,91462.1,91435.3,91444.2,626640.59688120
2025-11-28 13:18:00,91436.82,91519.99,91436.82,91494.4,6.982721,91450.08000000,91524.00000000,91450.07000000,91502.18000000,10.70245000,91551.0,91561.0,91551.0,91561.0,0.0022335,91448.26,91522.12,91448.26,91500.87,5.78445178,91444.2,91521.2,91444.2,91497.6,667988.56682370
2025-11-28 13:19:00,91494.4,91522.0,91478.4,91502.0,1.0643602,91502.18000000,91526.44000000,91493.56000000,91517.28000000,2.04742000,,,,,,91500.87,91525.43,91495,91516.1,1.7143633,91497.7,91518.4,91488.2,91509.1,363935.19733050
2025-11-28 13:20:00,91501.73,91530.18,91491.8,91523.75,1.55767718,91517.27000000,91537.20000000,91504.33000000,91537.19000000,3.46244000,91589.0,91602.0,91589.0,91602.0,0.0012010200000000001,91516.1,91536.06,91505.18,91536,2.38315358,91506.2,91531.9,91498.5,91531.8,546384.27535740
2025-11-28 13:21:00,91523.76,91570.0,91512.82,91570.0,4.85301302,91537.20000000,91572.70000000,91528.03000000,91572.70000000,8.31096000,91597.0,91630.0,91597.0,91630.0,0.00341257,91536,91563.47,91526.79,91563.47,2.87090173,91531.9,91572.1,91517.4,91565.5,529183.01593990
2025-11-28 13:22:00,91570.0,91593.17,91560.01,91584.01,4.87096843,91572.70000000,91600.00000000,91570.81000000,91591.50000000,8.01052000,91650.0,91650.0,91650.0,91650.0,0.0008390100000000001,91563.47,91599.92,91563.47,91581.6,6.61689002,91565.6,91592.3,91565.6,91582.8,595457.60034950
2025-11-28 13:23:00,91587.43,91598.02,91501.35,91505.52,8.00991663,91591.51000000,91600.00000000,91505.06000000,91505.06000000,10.24876000,91650.0,91650.0,91629.0,91629.0,1.0131149,91581.6,91599.19,91516.1,91516.1,3.61994316,91582.8,91593.6,91505.7,91505.7,649467.88115960
2025-11-28 13:24:00,91501.73,91506.56,91478.41,91506.56,3.45474182,91505.06000000,91517.61000000,91493.56000000,91517.61000000,2.50633000,91629.0,91629.0,91597.0,91609.0,0.5046997,91516.1,91519.88,91489.99,91516.62,4.28474838,91505.7,91506.7,91482.7,91506.7,676401.75468280
2025-11-28 13:25:00,91506.8,91533.97,91506.8,91525.86,1.43182589,91517.60000000,91537.92000000,91517.60000000,91537.92000000,2.82303000,,,,,,91516.62,91536.61,91516.62,91536.15,1.66581139,91506.6,91530.5,91506.6,91530.5,620200.18945110
2025-11-28 13:26:00,91525.86,91587.37,91525.86,91556.09,7.72330261,91537.91000000,91576.91000000,91537.91000000,91566.27000000,4.04866000,91617.0,91617.0,91617.0,91617.0,0.00079419,91536.15,91573.86,91536.15,91563.26,2.60466307,91530.5,91565.6,91530.5,91559.8,693255.55974770
2025-11-28 13:27:00,91556.1,91556.12,91536.01,91552.6,1.75853318,91566.26000000,91566.27000000,91544.69000000,91564.41000000,3.70613000,,,,,,91563.26,91563.52,91542.06,91555.26,1.97366855,91559.8,91559.9,91539.6,91554,697382.85892990
2025-11-28 13:28:00,91556.12,91556.12,91529.7,91538.0,2.21189686,91564.41000000,91564.42000000,91550.91000000,91550.91000000,3.79225000,,,,,,91555.26,91557.52,91548.26,91548.3,2.42447462,91553.9,91554,91543.5,91543.5,614941.15001080
2025-11-28 13:29:00,91538.01,91546.0,91527.38,91544.21,1.50087454,91550.92000000,91552.25000000,91534.33000000,91552.24000000,2.18224000,91647.0,91647.0,91647.0,91647.0,0.00116586,91548.3,91549.63,91531.7,91549.61,1.34480203,91543.5,91543.6,91537.6,91543.4,489571.43900630
2025-11-28 13:30:00,91544.21,91575.0,91468.0,91512.97,26.64894209,91552.25000000,91585.46000000,91488.75000000,91521.26000000,23.60738000,91656.0,91656.0,91610.0,91610.0,0.00423698,91549.61,91575,91496.91,91517.87,7.8733374,91543.5,91581.1,91484.5,91521.1,795973.33496200
2025-11-28 13:31:00,91514.36,91550.69,91493.81,91539.03,5.55354051,91521.26000000,91559.83000000,91520.83000000,91546.92000000,2.90537000,,,,,,91517.87,91557.09,91517.87,91544.07,4.5144917,91521.1,91548.6,91512.5,91548.5,359980.19017930
2025-11-28 13:32:00,91539.02,91587.44,91522.84,91578.01,2.03416894,91546.93000000,91598.02000000,91533.78000000,91592.91000000,3.09793000,,,,,,91544.07,91595.26,91530.91,91590.06,1.82601196,91548.5,91585.1,91534.7,91585.1,631003.51698650
2025-11-28 13:33:00,91578.02,91612.71,91552.87,91612.71,9.69800345,91592.91000000,91597.01000000,91563.79000000,91597.01000000,6.29357000,,,,,,91590.06,91594.5,91562.79,91594.48,3.78599814,91585,91586.4,91565.6,91586.4,373163.56103690
2025-11-28 13:34:00,91588.01,91621.88,91582.73,91621.88,3.72449974,91597.01000000,91627.59000000,91597.00000000,91627.59000000,5.61884000,91658.0,91670.0,91658.0,91670.0,0.00075161,91594.48,91616.32,91593.55,91607.17,2.29453973,91586.4,91618.1,91586.3,91618.1,470494.48467130
2025-11-28 13:35:00,91621.44,91689.59,91621.44,91664.8,10.68532813,91627.59000000,91689.41000000,91627.58000000,91676.85000000,21.11028000,91690.0,91770.0,91690.0,91749.0,0.02953057,91607.17,91686.34,91607.17,91673.11,6.13008481,91618.1,91688.4,91618.1,91668.6,863288.49209070
2025-11-28 13:36:00,91664.8,91803.26,91664.8,91792.03,10.75665526,91676.85000000,91807.10000000,91676.85000000,91804.18000000,29.64796000,91749.0,91880.0,91749.0,91880.0,0.03334271,91673.11,91800,91673.11,91799.99,9.73503366,91668.6,91808.9,91668.6,91800.4,1012684.64081460
2025-11-28 13:37:00,91792.03,91795.28,91649.78,91706.85,17.84817438,91804.18000000,91804.18000000,91706.46000000,91715.65000000,17.97661000,91880.0,91880.0,91868.0,91868.0,0.01485495,91799.99,91799.99,91721.56,91721.6,14.75334712,91800.5,91800.5,91698.9,91707.9,962855.38492050
2025-11-28 13:38:00,91709.05,91767.16,91709.05,91753.91,4.11092845,91715.64000000,91771.84000000,91715.64000000,91763.19000000,11.63541000,91827.0,91836.0,91827.0,91836.0,0.00673246,91721.6,91767.49,91721.6,91767.49,13.00247418,91717,91772.2,91717,91763.4,736750.06379400
2025-11-28 13:39:00,91753.91,91834.49,91753.9,91796.03,12.66407681,91763.19000000,91852.47000000,91763.17000000,91813.75000000,36.36490000,91870.0,91909.0,91870.0,91909.0,0.28358187,91767.49,91840,91767.44,91810.82,11.2502255,91763.4,91831.6,91761,91805.2,976766.95062940
2025-11-28 13:40:00,91796.03,91924.43,91796.03,91851.49,14.97970336,91813.76000000,91933.51000000,91813.75000000,91873.70000000,28.63239000,91901.0,91999.0,91901.0,91928.0,0.55045719,91810.82,91930.45,91810.82,91901.99,16.87485704,91805.2,91940.9,91805.2,91859.3,1259870.10025300
2025-11-28 13:41:00,91857.97,91857.97,91794.63,91798.92,4.63492446,91873.70000000,91873.70000000,91814.89000000,91816.72000000,11.45985000,91954.0,91954.0,91919.0,91919.0,0.020752720000000002,91901.99,91901.99,91810.02,91813.72,13.40337902,91859.3,91859.3,91804.3,91810.7,1337478.07549180
2025-11-28 13:42:00,91798.92,91872.0,91782.61,91860.78,6.87241284,91816.72000000,91879.63000000,91794.00000000,91877.67000000,23.75204000,91933.0,91953.0,91927.0,91947.0,0.0249998,91813.72,91876.83,91812,91874.73,9.03910904,91810.7,91878,91786.8,91868.9,1253713.78099240
2025-11-28 13:43:00,91860.78,91866.0,91804.56,91804.56,4.83169445,91877.67000000,91877.68000000,91818.36000000,91818.37000000,19.89934000,91973.0,91973.0,91922.0,91922.0,0.01946283,91874.73,91874.73,91823.43,91836.22,19.66038577,91868.9,91869,91814.9,91815,1274144.31871790
2025-11-28 13:44:00,91804.57,91838.82,91804.57,91830.16,1.01899762,91818.37000000,91840.00000000,91818.36000000,91840.00000000,5.20114000,91937.0,91937.0,91937.0,91937.0,0.00288247,91836.22,91836.22,91820.51,91836.08,3.14132897,91814.9,91831.8,91814.9,91831.8,1119472.89128090
2025-11-28 13:45:00,91830.16,91970.0,91830.16,91946.46,5.59133504,91840.00000000,91973.00000000,91839.99000000,91961.65000000,39.98644000,91947.0,92000.0,91947.0,92000.0,6.77138436,91836.08,91971.11,91836.08,91971.11,20.29069917,91831.7,91966.1,91831.7,91957,1205507.45076610
2025-11-28 13:46:00,91942.6,91982.12,91921.07,91975.99,5.39012708,91961.64000000,92000.64000000,91956.64000000,91993.03000000,41.56733000,92000.0,92035.0,92000.0,92035.0,12.57046148,91971.11,91990.27,91955.09,91983.98,27.36826295,91957,91980,91955.2,91980,1175424.22631990
2025-11-28 13:47:00,91975.99,92450.0,91959.03,92425.11,87.91578675,91993.04000000,92485.71000000,91993.03000000,92446.91000000,280.71599000,92035.0,92500.0,92035.0,92500.0,11.86967233,91983.98,92467.85,91983.98,92453.72,19.50565353,91980,92455,91977.6,92429.6,3616798.89620040
2025-11-28 13:48:00,92420.5,92625.0,92276.25,92334.99,53.8766033,92446.90000000,92635.00000000,92297.99000000,92361.36000000,165.21400000,92500.0,92680.0,92371.0,92389.0,13.71991894,92453.72,92635.74,92297.01,92351.26,7.79529826,92421.3,92628,92287.9,92355.1,2783352.96507230
2025-11-28 13:49:00,92340.69,92362.0,92253.29,92310.0,11.50703536,92361.36000000,92386.80000000,92267.84000000,92325.47000000,34.37899000,92450.0,92450.0,92349.0,92431.0,3.60972873,92351.26,92364.28,92264.45,92323.28,10.89829783,92353.4,92363.7,92261.8,92316.7,1207303.97894880
2025-11-28 13:50:00,92310.0,92310.01,92082.32,92088.0,16.17322662,92325.48000000,92325.48000000,92095.63000000,92100.04000000,44.76999000,92430.0,92430.0,92200.0,92200.0,0.51383945,92323.28,92323.28,92098.49,92098.96,8.71432095,92316.6,92316.6,92087.9,92087.9,3609671.65367790
2025-11-28 13:51:00,92088.03,92115.51,92017.95,92074.0,5.82381137,92100.04000000,92123.43000000,92029.11000000,92092.89000000,31.74858000,92180.0,92180.0,92144.0,92149.0,1.00011879,92098.96,92119.22,92026.11,92090.8,18.8599413,92088,92115.3,92022.4,92079.8,3648421.34296910
2025-11-28 13:52:00,92074.03,92133.53,92072.81,92120.03,8.88660818,92092.89000000,92142.51000000,92080.91000000,92133.59000000,14.58273000,,,,,,92090.8,92133.19,92083.1,92121.22,11.19804866,92079.8,92131.8,92073.3,92116.1,3837700.32372690
2025-11-28 13:53:00,92120.03,92184.39,92075.34,92096.04,13.41085269,92133.59000000,92194.04000000,92092.89000000,92105.94000000,20.29180000,92240.0,92240.0,92192.0,92192.0,0.50046885,92121.22,92183.08,92090.51,92103.66,5.51684938,92122.8,92186.4,92077.6,92096.1,4013199.42751030
2025-11-28 13:54:00,92096.04,92131.77,92012.21,92127.05,9.07605207,92105.95000000,92143.72000000,92029.10000000,92143.13000000,25.28991000,92192.0,92192.0,92144.0,92174.0,0.01023833,92103.66,92144.02,92025.99,92137.43,7.29721465,92096.1,92126.3,92005.2,92126.3,4046267.32448250
2025-11-28 13:55:00,92127.05,92218.31,92127.05,92153.6,13.37360347,92143.13000000,92212.00000000,92138.00000000,92160.26000000,17.82535000,92200.0,92259.0,92200.0,92253.0,0.7395230700000001,92137.43,92200,92137.43,92162.92,26.59233258,92126.3,92197.5,92126.2,92151.4,2154409.49977690
2025-11-28 13:56:00,92153.3,92153.3,92088.24,92118.12,2.90646979,92160.26000000,92160.26000000,92100.00000000,92127.27000000,8.65029000,92250.0,92250.0,92202.0,92202.0,1.0394541800000001,92162.92,92162.92,92102.43,92129.59,5.52891242,92151.3,92151.4,92087.6,92119.3,1852383.51770600
2025-11-28 13:57:00,92117.68,92236.64,92117.67,92215.82,6.81871891,92127.27000000,92243.32000000,92127.27000000,92225.30000000,16.95084000,92202.0,92290.0,92202.0,92290.0,0.057716899999999995,92129.59,92243.78,92129.59,92225.72,7.38613429,92119.3,92236.9,92119.3,92220.1,1971685.81378170
2025-11-28 13:58:00,92215.82,92314.68,92215.82,92303.27,7.54046554,92225.31000000,92329.32000000,92225.31000000,92317.03000000,25.81692000,92300.0,92380.0,92300.0,92362.0,0.51051525,92225.72,92324,92225.72,92322.87,15.31549904,92220.1,92312.2,92220.1,92311.2,1700866.06754250
2025-11-28 13:59:00,92301.96,92367.85,92256.53,92367.85,6.44119333,92317.03000000,92377.01000000,92265.95000000,92377.01000000,15.86134000,92380.0,92428.0,92369.0,92423.0,0.11745705000000001,92322.87,92370.12,92270.68,92370.12,10.50250277,92311.2,92361.9,92258.9,92361.9,1926149.54089660
2025-11-28 14:00:00,92367.85,92426.0,92253.3,92421.52,8.95439109,92377.00000000,92432.00000000,92264.02000000,92431.99000000,52.58854000,92430.0,92480.0,92349.0,92480.0,1.10057793,92370.12,92430.94,92263.74,92430.94,14.38181887,92361.9,92424.3,92256.8,92424.3,1823443.90495070
2025-11-28 14:01:00,92411.72,92471.39,92247.55,92336.01,19.86972105,92432.00000000,92482.01000000,92254.47000000,92347.68000000,192.50701000,92489.0,92560.0,92351.0,92385.0,4.2318861,92430.94,92461.96,92256.71,92353.58,50.45955702,92424.2,92470.6,92250,92333.6,2107830.95599880
2025-11-28 14:02:00,92336.47,92413.99,92310.69,92349.87,3.91476033,92347.69000000,92431.67000000,92326.48000000,92357.47000000,26.01518000,92420.0,92490.0,92420.0,92441.0,0.5567535,92353.58,92430.51,92325.15,92355.81,24.02308202,92333.7,92419.5,92311.4,92346.2,1335735.54319490
2025-11-28 14:03:00,92349.86,92433.2,92314.64,92433.2,13.64913114,92357.47000000,92445.33000000,92328.57000000,92445.33000000,21.42971000,92442.0,92491.0,92442.0,92491.0,0.05215554,92355.81,92422.19,92326.51,92420.1,14.16796235,92346.2,92433.3,92320.1,92433.2,1200980.25565930
2025-11-28 14:04:00,92431.24,92467.97,92391.04,92454.02,7.3805242,92445.32000000,92477.45000000,92400.00000000,92467.88000000,17.01468000,92501.0,92567.0,92501.0,92567.0,0.03227212,92420.1,92465.12,92400.74,92465.06,11.93797563,92433.3,92468.4,92395.6,92450.9,1276385.23347980
2025-11-28 14:05:00,92454.02,92516.89,92436.96,92448.45,20.74428278,92467.87000000,92526.99000000,92449.99000000,92454.60000000,40.92804000,92561.0,92580.0,92535.0,92569.0,1.50264412,92465.06,92519.07,92439.78,92460.52,2.48467188,92450.9,92510.1,92441.6,92451.4,2206806.16343240
2025-11-28 14:06:00,92448.44,92448.44,92385.31,92402.55,22.2863019,92454.60000000,92455.16000000,92400.30000000,92409.00000000,18.04127000,92555.0,92555.0,92468.0,92470.0,3.04269024,92460.52,92460.52,92397.72,92421.92,36.23298878,92451.4,92451.4,92387.8,92394.4,2153250.29352270
2025-11-28 14:07:00,92402.52,92413.02,92361.74,92361.8,6.44421176,92409.00000000,92418.60000000,92369.81000000,92369.82000000,14.53893000,92482.0,92482.0,92459.0,92459.0,1.00201,92421.92,92421.92,92388.61,92388.61,7.12229691,92394.4,92405.1,92363.2,92363.2,1890191.57299930
2025-11-28 14:08:00,92365.53,92379.06,92320.16,92370.8,11.56399035,92369.82000000,92384.27000000,92336.65000000,92372.27000000,19.77807000,92473.0,92473.0,92399.0,92445.0,2.00323474,92388.61,92388.61,92334.43,92369.2,11.8981725,92363.3,92376.1,92320.2,92368.9,1969468.05931050
2025-11-28 14:09:00,92370.79,92441.9,92361.46,92375.12,8.82035063,92372.27000000,92440.00000000,92372.26000000,92386.00000000,22.44519000,92444.0,92491.0,92425.0,92460.0,3.0015396500000002,92369.2,92441.05,92369.18,92398.01,12.97050204,92368.9,92430.4,92368.9,92372.4,1849799.88336250
2025-11-28 14:10:00,92375.11,92375.11,92228.77,92243.13,16.31504295,92386.00000000,92386.00000000,92235.15000000,92251.90000000,23.99742000,92440.0,92440.0,92330.0,92330.0,0.00699211,92398.01,92398.01,92234.81,92255.02,9.67710689,92372.3,92372.3,92222.2,92244,1545368.45766960
2025-11-28 14:11:00,92235.07,92319.61,92190.14,92315.44,4.85085362,92251.90000000,92330.29000000,92205.46000000,92330.01000000,8.18519000,92320.0,92391.0,92291.0,92391.0,0.00846745,92255.02,92328.2,92203.53,92328.2,9.51160544,92244.1,92323.6,92200,92323.6,1252145.26628570
2025-11-28 14:12:00,92315.44,92315.44,92224.59,92241.75,10.74902022,92330.01000000,92330.01000000,92242.00000000,92248.44000000,12.13852000,92334.0,92334.0,92306.0,92306.0,0.80109,92328.2,92328.2,92252.32,92252.34,8.19175987,92323.6,92323.6,92234,92236.7,1571558.41440410
2025-11-28 14:13:00,92241.75,92279.93,92230.0,92255.96,11.48074326,92248.44000000,92277.14000000,92248.44000000,92259.50000000,6.62851000,92318.0,92318.0,92318.0,92318.0,0.00038787,92252.34,92276.2,92246.65,92257.72,4.1653063,92236.6,92269.9,92236.6,92251.2,1297147.85263340
2025-11-28 14:14:00,92255.97,92350.49,92250.24,92350.43,14.99560118,92259.50000000,92354.23000000,92251.39000000,92354.23000000,20.83609000,92337.0,92395.0,92337.0,92395.0,0.51005926,92257.72,92347.62,92248.68,92342.28,11.7918818,92251.2,92341.7,92250.4,92340.8,1576613.46564250
2025-11-28 14:15:00,92350.42,92421.4,92316.48,92410.0,13.22877036,92354.22000000,92418.95000000,92330.00000000,92418.59000000,20.02475000,92414.0,92440.0,92400.0,92440.0,0.00272742,92342.28,92381.72,92328.69,92381.67,6.89661296,92340.8,92414.6,92318.2,92407.2,979145.49818920
2025-11-28 14:16:00,92410.0,92458.01,92410.0,92450.0,12.64944614,92418.59000000,92458.00000000,92418.59000000,92454.18000000,14.58132000,92480.0,92490.0,92480.0,92490.0,0.0005200199999999999,92381.67,92456.39,92381.67,92452.56,13.23321432,92407.2,92450.9,92407.2,92441.4,1082214.31603890
2025-11-28 14:17:00,92449.11,92528.46,92444.34,92478.3,16.35632936,92454.18000000,92525.25000000,92454.17000000,92478.73000000,14.35710000,92506.0,92550.0,92506.0,92550.0,0.01493269,92452.56,92513.34,92452.51,92477.28,9.40518058,92441.4,92518.1,92441.4,92479,1111232.95161300
2025-11-28 14:18:00,92479.62,92479.62,92416.81,92444.6,6.7606579,92478.73000000,92478.73000000,92420.29000000,92442.19000000,13.87135000,92520.0,92520.0,92498.0,92498.0,0.00121456,92477.28,92477.29,92419.48,92439.83,6.37563049,92479,92479,92416,92433.9,1159902.95255730
2025-11-28 14:19:00,92442.01,92442.01,92350.0,92367.32,6.40695082,92442.19000000,92442.19000000,92360.01000000,92373.45000000,15.90851000,92497.0,92497.0,92450.0,92450.0,0.00564515,92439.83,92439.83,92358.05,92371.58,11.12334444,92433.9,92433.9,92355.9,92364.1,1174137.60223860
2025-11-28 14:20:00,92367.33,92428.86,92362.63,92428.81,7.52325307,92373.46000000,92428.01000000,92364.50000000,92428.01000000,17.05598000,92450.0,92451.0,92450.0,92451.0,0.00028976,92371.58,92426.93,92362.54,92426.93,11.61370624,92364.1,92426,92352.7,92426,1220984.44233690
2025-11-28 14:21:00,92428.8,92489.5,92428.8,92471.94,7.33503993,92428.01000000,92488.00000000,92428.01000000,92466.66000000,6.90949000,92488.0,92549.0,92488.0,92547.0,0.08582644,92426.93,92485.6,92426.93,92464.69,5.05439262,92425.9,92483.8,92425.9,92464.6,1005161.36177730
2025-11-28 14:22:00,92471.94,92541.93,92425.04,92537.97,18.43377249,92466.66000000,92540.47000000,92426.00000000,92540.47000000,25.73990000,92548.0,92580.0,92528.0,92580.0,0.08944993,92464.69,92538.88,92424.03,92538.86,8.62886279,92464.6,92535.9,92428.8,92535.8,1095735.75289520
2025-11-28 14:23:00,92537.45,92580.15,92505.84,92580.15,11.08381546,92540.46000000,92578.13000000,92504.29000000,92578.13000000,20.85315000,92586.0,92625.0,92577.0,92625.0,1.15357847,92538.86,92583.21,92501.17,92583.21,9.43708157,92535.8,92573.6,92502.8,92573.6,1333019.76517750
2025-11-28 14:24:00,92580.46,92640.0,92525.27,92537.8,49.67697012,92578.13000000,92636.28000000,92534.17000000,92537.23000000,38.77125000,92636.0,92650.0,92623.0,92626.0,0.02380884,92583.21,92634.8,92544.06,92544.41,26.0770004,92574.3,92628.6,92529.3,92540.4,1403771.26687850
2025-11-28 14:25:00,92537.8,92796.1,92530.78,92709.0,56.64548128,92537.24000000,92803.40000000,92537.24000000,92708.85000000,113.52784000,92627.0,92881.0,92627.0,92851.0,1.62386141,92544.41,92808.37,92544.41,92740.5,24.63088937,92531.1,92796.4,92531.1,92706.7,2289456.22367540
2025-11-28 14:26:00,92710.89,92833.3,92710.89,92820.11,39.26091734,92708.86000000,92839.22000000,92708.86000000,92807.78000000,46.32293000,92807.0,92889.0,92807.0,92864.0,3.66548042,92740.5,92840.59,92708.24,92828.54,0.80761052,92706.6,92830,92706.6,92813.1,1851807.37269970
2025-11-28 14:27:00,92816.01,92995.65,92810.07,92989.94,51.13548471,92807.78000000,92984.30000000,92807.78000000,92984.29000000,66.63080000,92890.0,93000.0,92890.0,93000.0,9.52905695,92828.54,92957.76,92806.81,92957.76,7.50200492,92813.1,92980.2,92808.7,92980.2,1607329.58355040
2025-11-28 14:28:00,92984.01,92995.99,92838.77,92908.01,42.95700244,92984.29000000,92984.29000000,92839.49000000,92903.34000000,38.69894000,92999.0,92999.0,92937.0,92947.0,0.05039654,92957.76,92960.99,92837.88,92897.12,13.20786219,92980.9,92980.9,92828.6,92902.4,1298819.19808430
2025-11-28 14:29:00,92908.01,92984.56,92873.21,92965.53,32.70984158,92903.34000000,92978.26000000,92870.57000000,92964.17000000,36.02924000,92973.0,93000.0,92973.0,93000.0,1.48440932,92897.12,92967.68,92875.03,92950.79,10.32229156,92902.3,92971.8,92858.3,92953.8,1553184.81505690
2025-11-28 14:30:00,92965.52,93161.86,92612.81,92643.6,109.53968729,92964.18000000,93092.00000000,92633.72000000,92646.70000000,221.21820000,93000.0,93116.0,92712.0,92733.0,29.25110266,92950.79,93082.79,92644,92694.17,7.29953438,92953.9,93089.5,92620.2,92640.4,4296271.50648820
2025-11-28 14:31:00,92637.86,92695.26,92533.61,92657.25,24.39389571,92646.53000000,92694.18000000,92437.22000000,92662.76000000,99.13407000,92710.0,92739.0,92636.0,92679.0,0.60245458,92694.17,92694.17,92575.99,92660.67,39.75894179,92631.5,92683.1,92539.1,92645.5,2834759.89824870
2025-11-28 14:32:00,92657.25,92733.93,92622.37,92643.61,22.1763134,92662.77000000,92720.00000000,92645.00000000,92645.74000000,31.59811000,92741.0,92791.0,92741.0,92749.0,0.00411742,92660.67,92717.3,92641.62,92649.53,24.45925418,92645.5,92722.1,92637.6,92637.6,2672765.28854380
2025-11-28 14:33:00,92643.6,92671.17,92541.0,92615.43,20.10693602,92645.75000000,92665.64000000,92547.67000000,92608.53000000,73.78932000,92717.0,92728.0,92640.0,92728.0,3.21625607,92649.53,92662.7,92541.38,92603.62,12.99620289,92637.6,92663.6,92543.5,92614.1,2565327.59521190
2025-11-28 14:34:00,92619.88,92666.55,92540.71,92580.64,7.84443057,92608.54000000,92663.36000000,92550.00000000,92580.12000000,33.42140000,92739.0,92774.0,92649.0,92649.0,5.81687541,92603.62,92654.28,92547.51,92589.53,1.73327221,92614.2,92659.2,92543.6,92579.4,2840965.65130410
2025-11-28 14:35:00,92584.45,92646.0,92520.35,92615.51,14.24888869,92580.12000000,92642.67000000,92524.53000000,92614.52000000,27.88168000,92649.0,92670.0,92642.0,92670.0,0.67308,92589.53,92646.34,92521.03,92613.56,15.85460387,92579.3,92635.2,92510.1,92610.6,3877306.00614570
2025-11-28 14:36:00,92614.0,92657.73,92520.0,92544.0,18.33553818,92614.53000000,92650.00000000,92526.31000000,92536.00000000,51.42731000,92678.0,92691.0,92640.0,92640.0,0.02098034,92613.56,92640.79,92524.95,92528.6,23.37231409,92610.6,92641.9,92519.6,92535.7,4057830.62410750
2025-11-28 14:37:00,92544.0,92594.4,92511.45,92528.81,9.37797449,92536.00000000,92584.00000000,92506.82000000,92534.39000000,20.02997000,92636.0,92662.0,92622.0,92634.0,0.02816788,92528.6,92584.45,92510,92535.65,13.28809918,92535.6,92587.5,92509.4,92529.3,3945407.93346330
2025-11-28 14:38:00,92528.81,92528.81,92368.43,92391.48,23.21013366,92534.40000000,92534.40000000,92380.00000000,92409.23000000,42.97041000,92634.0,92634.0,92500.0,92518.0,0.14268993,92535.65,92535.65,92380.13,92413.66,4.61913611,92529.2,92529.2,92376.7,92406.3,3546241.16704740
2025-11-28 14:39:00,92408.04,92463.99,92297.4,92324.01,17.78554351,92409.22000000,92459.70000000,92314.00000000,92348.30000000,23.26597000,92519.0,92519.0,92430.0,92430.0,9.99794386,92413.66,92441.43,92313.39,92313.39,2.74170868,92406.4,92445.7,92312.6,92337,3895184.72569340
2025-11-28 14:40:00,92339.38,92344.45,92226.33,92241.8,25.0906331,92348.29000000,92348.30000000,92238.64000000,92255.70000000,41.44385000,92414.0,92418.0,92335.0,92335.0,0.76674347,92313.39,92339.49,92260.82,92262.86,1.24657113,92336.9,92336.9,92233.4,92251,2349006.80392520
2025-11-28 14:41:00,92239.22,92239.22,91981.42,92072.49,31.04125872,92255.69000000,92255.69000000,91974.99000000,92095.56000000,60.17460000,92347.0,92347.0,92111.0,92178.0,0.02936342,92262.86,92262.86,91974.13,92037.31,3.57083862,92250.9,92250.9,91971.4,92097.2,2427126.16603100
2025-11-28 14:42:00,92090.0,92133.32,91975.8,91985.08,51.08334093,92095.55000000,92147.32000000,91976.72000000,91993.91000000,44.16608000,92156.0,92214.0,92125.0,92125.0,0.00840114,92037.31,92139.45,91990.27,91995.15,8.11051055,92097.2,92137.3,91975.5,91979.2,2228253.03308460
2025-11-28 14:43:00,91991.35,92112.09,91969.94,92089.79,16.27116404,91993.92000000,92107.87000000,91967.44000000,92089.00000000,69.16149000,92111.0,92174.0,92111.0,92158.0,0.10307128,91995.15,92101.29,91974.19,92087.99,22.93464762,91979.2,92103.6,91977.5,92091.1,2244879.79235310
2025-11-28 14:44:00,92089.79,92111.37,92006.47,92006.54,46.2809136,92089.01000000,92105.18000000,92010.49000000,92010.50000000,24.41638000,92174.0,92174.0,92139.0,92140.0,0.04778349,92087.99,92102.25,92007.67,92007.67,4.25407737,92091.1,92110,92004.2,92004.2,2137699.99117920
2025-11-28 14:45:00,92006.47,92054.99,91802.1,91894.0,38.02602151,92010.49000000,92056.00000000,91820.00000000,91909.83000000,77.53008000,92110.0,92134.0,92000.0,92013.0,6.81849975,92007.67,92056.51,91828.24,91896.6,27.08757741,92004.3,92053.1,91818.9,91912.3,2876678.93851950
2025-11-28 14:46:00,91893.99,91967.06,91817.05,91940.01,30.85422952,91909.83000000,91958.00000000,91818.35000000,91942.27000000,45.51729000,92012.0,92059.0,92000.0,92018.0,19.08365992,91896.6,91953.24,91826.84,91944.32,16.95988954,91905.5,91955.3,91822.5,91939.2,2821721.87027780
2025-11-28 14:47:00,91940.93,92115.83,91930.83,92105.54,11.08625452,91942.27000000,92113.10000000,91941.17000000,92108.73000000,37.72298000,92019.0,92190.0,92019.0,92189.0,0.5725145700000001,91944.32,92107.8,91938.95,92101.84,8.07205254,91939.2,92100,91939.1,92100,2503358.21458730
2025-11-28 14:48:00,92105.53,92200.97,92079.84,92188.01,10.77765861,92108.74000000,92200.00000000,92093.72000000,92186.00000000,15.56061000,92174.0,92270.0,92174.0,92270.0,1.63024507,92101.84,92197.06,92094.09,92188.97,18.14558246,92100,92197,92090.9,92183.9,2096086.59660870
2025-11-28 14:49:00,92188.49,92263.09,92107.01,92165.91,30.17133524,92186.00000000,92249.00000000,92120.00000000,92168.73000000,37.55711000,92280.0,92324.0,92250.0,92250.0,0.00735868,92188.97,92238.46,92135,92171.76,20.68874825,92183.9,92237.3,92112.4,92166.8,2108836.68787970
2025-11-28 14:50:00,92165.91,92317.79,92165.91,92260.16,15.85078872,92168.73000000,92311.15000000,92168.73000000,92261.41000000,38.70687000,92275.0,92370.0,92275.0,92370.0,1.09279651,92171.76,92296.56,92171.76,92263.34,24.65968788,92166.8,92307.7,92166.8,92253.6,1948169.47456370
2025-11-28 14:51:00,92260.16,92279.99,92184.41,92266.0,15.09687341,92261.41000000,92277.32000000,92190.96000000,92268.18000000,14.21418000,92368.0,92368.0,92316.0,92316.0,0.013000000000000001,92263.34,92280.41,92205.07,92271.07,15.80625162,92253.6,92268.5,92193.4,92267.3,2099843.01645740
2025-11-28 14:52:00,92266.01,92283.84,92156.4,92200.03,26.39769925,92268.17000000,92285.31000000,92150.57000000,92201.80000000,40.83776000,92342.0,92342.0,92268.0,92297.0,0.02344522,92271.07,92277.66,92163.27,92200.38,19.51981937,92267.3,92276.4,92140,92194.1,2297778.52594800
2025-11-28 14:53:00,92204.02,92310.05,92204.02,92304.53,11.78900414,92201.81000000,92296.37000000,92201.81000000,92296.37000000,10.17541000,92294.0,92370.0,92294.0,92370.0,0.66594758,92200.38,92303.69,92200.38,92303.69,10.98900014,92203,92295.4,92203,92295.4,2326507.90873320
2025-11-28 14:54:00,92304.52,92321.99,92226.34,92248.02,27.68440402,92296.37000000,92312.91000000,92232.06000000,92249.82000000,26.25900000,92370.0,92375.0,92336.0,92352.0,1.33605138,92303.69,92315.87,92235.11,92253.13,5.9720438,92295.3,92305.2,92233.1,92251,2421958.56522470
2025-11-28 14:55:00,92250.27,92302.0,92205.56,92302.0,21.81425074,92249.83000000,92287.49000000,92206.47000000,92287.49000000,21.94046000,92336.0,92356.0,92306.0,92356.0,0.43257182,92253.13,92286.89,92212.1,92285.34,16.02022518,92251,92297.5,92207.3,92297.5,1347051.23015020
2025-11-28 14:56:00,92293.96,92315.36,92252.09,92285.99,15.91261937,92287.49000000,92316.91000000,92250.00000000,92285.19000000,49.64897000,92364.0,92389.0,92354.0,92354.0,0.21477705,92285.34,92310.74,92252.82,92287.62,30.87721172,92295.9,92314.3,92254.9,92287.3,1472378.36930550
2025-11-28 14:57:00,92287.41,92293.46,92167.19,92186.33,8.4894081,92285.20000000,92290.63000000,92173.61000000,92185.65000000,25.68361000,92332.0,92332.0,92332.0,92332.0,0.00311991,92287.62,92288.42,92184.02,92188.17,17.82297554,92287.4,92287.4,92176.1,92185.4,1312062.38386000
2025-11-28 14:58:00,92186.34,92190.18,92096.27,92146.0,41.19028569,92185.65000000,92192.28000000,92098.59000000,92147.00000000,40.68454000,92303.0,92303.0,92220.0,92249.0,0.01089967,92188.17,92188.17,92118.76,92136.15,22.9355902,92185.4,92185.9,92098.5,92141.8,1527644.51860080
2025-11-28 14:59:00,92146.0,92253.26,92141.43,92250.11,4.75370802,92147.00000000,92250.18000000,92146.99000000,92250.01000000,4.93583000,92251.0,92313.0,92251.0,92313.0,0.00146012,92136.15,92224.32,92136.15,92224.27,5.70639307,92141.8,92241.7,92141.8,92241.7,1423518.88816340
2025-11-28 15:00:00,92250.1,92359.76,92236.07,92359.76,13.80425617,92250.00000000,92352.94000000,92236.00000000,92352.93000000,6.87479000,92335.0,92410.0,92335.0,92410.0,0.00986189,92224.27,92336.21,92224.27,92334.32,4.01550705,92241.7,92343.1,92241.6,92343.1,1297902.73218260
2025-11-28 15:01:00,92362.34,92383.97,92272.33,92350.87,26.11498443,92352.94000000,92380.01000000,92276.00000000,92349.74000000,10.77737000,92410.0,92460.0,92406.0,92460.0,1.66712431,92334.32,92382.34,92278.03,92354.92,4.06909913,92343.7,92380.4,92271.6,92345.2,1407123.52237530
2025-11-28 15:02:00,92350.86,92421.51,92310.55,92314.37,21.07359644,92349.73000000,92419.28000000,92302.07000000,92307.57000000,17.17959000,92460.0,92480.0,92460.0,92460.0,1.21553673,92354.92,92414.99,92304.26,92309.81,11.88951086,92345.2,92408.9,92294.4,92301.1,1420998.24638200
2025-11-28 15:03:00,92311.55,92311.55,92213.11,92252.6,10.11757027,92307.56000000,92307.57000000,92204.65000000,92248.86000000,11.73195000,92460.0,92461.0,92323.0,92323.0,2.25690251,92309.81,92309.91,92210.42,92250.96,8.13588911,92301.2,92301.2,92209.7,92242.5,1430814.34640110
2025-11-28 15:04:00,92252.6,92261.99,92141.44,92187.97,13.85986267,92248.87000000,92249.03000000,92135.60000000,92181.37000000,19.87914000,92351.0,92351.0,92248.0,92248.0,0.11602100000000001,92250.96,92250.96,92147.95,92182.86,10.75631693,92242.7,92247.3,92131.5,92185.4,1360900.81992110
2025-11-28 15:05:00,92187.97,92204.93,92061.0,92126.0,19.1300708,92181.37000000,92195.34000000,92094.32000000,92120.67000000,17.00326000,92298.0,92298.0,92180.0,92202.0,0.01131261,92182.86,92196.86,92094.81,92104.05,9.81306836,92185.3,92185.4,92092.4,92124.3,1134654.22470300
2025-11-28 15:06:00,92126.0,92161.44,92054.72,92131.97,16.38243053,92120.67000000,92146.50000000,92064.07000000,92133.20000000,39.77261000,92232.0,92232.0,92177.0,92226.0,0.0863019,92104.05,92133.79,92092.22,92133.79,25.09878663,92124.4,92154.7,92061,92129.1,1002211.15072770
2025-11-28 15:07:00,92128.67,92226.83,92104.01,92214.38,7.18564393,92133.21000000,92225.82000000,92102.13000000,92213.30000000,8.10467000,92217.0,92298.0,92217.0,92298.0,0.02924938,92133.79,92221.41,92102.79,92214.73,5.25835666,92129.1,92222.6,92099.7,92201.9,1029357.90682340
2025-11-28 15:08:00,92214.39,92214.39,92140.0,92208.34,16.04778045,92213.30000000,92213.31000000,92135.57000000,92206.11000000,24.73915000,92282.0,92282.0,92263.0,92263.0,0.00867195,92214.73,92214.73,92138.16,92205.03,1.24137742,92201.8,92201.9,92131.6,92192,950070.07196610
2025-11-28 15:09:00,92208.34,92229.29,91996.5,92011.98,47.25513666,92206.12000000,92221.77000000,91976.59000000,92005.49000000,55.61807000,92275.0,92275.0,92098.0,92104.0,0.02077178,92205.03,92224.22,92000,92011.14,24.47202897,92192.2,92213.3,91980.6,92004.6,1057397.36338320
2025-11-28 15:10:00,92011.3,92089.91,92011.3,92061.02,5.44193512,92005.49000000,92090.01000000,92005.49000000,92061.96000000,37.48591000,92128.0,92150.0,92128.0,92150.0,1.00305198,92011.14,92078.76,92011.14,92043,41.61295835,92004.6,92066.6,92004.6,92048.4,1341736.25189250
2025-11-28 15:11:00,92061.02,92136.02,92000.78,92124.03,36.21365126,92061.96000000,92122.00000000,91998.00000000,92121.99000000,18.32267000,92173.0,92183.0,92149.0,92183.0,0.00263837,92043,92124.2,91996.56,92124.11,13.92133412,92048.3,92118.5,91989.6,92118.4,1363800.97870150
2025-11-28 15:12:00,92124.03,92221.99,92090.84,92221.99,25.57840257,92122.00000000,92215.23000000,92081.85000000,92213.09000000,23.47163000,92199.0,92283.0,92182.0,92283.0,0.04134123,92124.11,92218.04,92090.11,92218.04,9.06849439,92118.4,92209.7,92085,92209.7,1308952.98603680
2025-11-28 15:13:00,92221.99,92281.9,92221.99,92272.3,11.57934676,92213.09000000,92268.83000000,92213.09000000,92268.83000000,3.68713000,92300.0,92330.0,92300.0,92330.0,0.00828827,92218.04,92270.82,92215.12,92270.68,9.22163312,92209.7,92265.9,92209.7,92265.8,1472242.05859860
2025-11-28 15:14:00,92272.3,92294.26,92260.01,92294.26,4.01982254,92268.82000000,92280.01000000,92259.37000000,92280.01000000,3.35412000,92340.0,92362.0,92340.0,92354.0,0.1014034,92270.68,92283.45,92261.02,92281.7,1.74901064,92265.8,92276.6,92258.2,92276.6,1112985.01565190
2025-11-28 15:15:00,92294.26,92352.93,92276.0,92314.73,11.68767933,92280.01000000,92320.94000000,92278.15000000,92314.26000000,11.24133000,92362.0,92380.0,92362.0,92380.0,0.00106893,92281.7,92322.98,92279.85,92322.89,6.24060346,92276.6,92322.1,92274.1,92313.7,1060638.74234400
2025-11-28 15:16:00,92314.73,92471.31,92314.73,92469.99,13.33223885,92314.25000000,92462.00000000,92314.25000000,92462.00000000,41.22529000,92400.0,92500.0,92400.0,92500.0,9.94957399,92322.89,92458.39,92316.2,92458.01,12.07576748,92313.7,92460.6,92313.7,92460.6,1187171.77581280
2025-11-28 15:17:00,92469.99,92519.88,92405.6,92501.35,32.62910423,92461.99000000,92515.73000000,92415.14000000,92515.72000000,30.36046000,92500.0,92599.0,92500.0,92599.0,1.493277,92458.01,92508.53,92410.71,92508.53,30.8237141,92460.7,92511.9,92415.5,92511.9,1274347.60632540
2025-11-28 15:18:00,92520.2,92556.03,92448.45,92520.0,21.65515816,92515.72000000,92546.89000000,92444.06000000,92512.59000000,18.28945000,92552.0,92600.0,92552.0,92600.0,0.0017885400000000001,92508.53,92549.16,92457.65,92514.81,8.16726691,92511.8,92546.3,92443.9,92507.2,1126931.45373790
2025-11-28 15:19:00,92520.03,92636.13,92520.03,92625.23,14.64277695,92512.59000000,92606.55000000,92512.58000000,92606.54000000,11.60085000,92613.0,92670.0,92613.0,92670.0,0.01419984,92514.81,92612.72,92514.81,92608.47,9.69115836,92507.1,92603.8,92507.1,92603.8,997425.71131030
2025-11-28 15:20:00,92625.22,92771.3,92584.02,92726.06,25.3039258,92606.55000000,92729.62000000,92564.50000000,92714.01000000,40.95895000,92670.0,92814.0,92669.0,92814.0,0.14206326,92608.47,92710.03,92560.31,92710.03,7.49808847,92603.8,92723.4,92567.9,92722.4,1463847.00661050
2025-11-28 15:21:00,92726.06,92746.91,92594.01,92642.74,15.05135211,92714.00000000,92729.49000000,92602.00000000,92630.98000000,16.24389000,92800.0,92810.0,92674.0,92674.0,0.01327539,92710.03,92710.03,92609.96,92633.75,17.96556041,92722.4,92722.4,92598.5,92625.5,1364019.62090000
2025-11-28 15:22:00,92640.87,92640.91,92531.94,92555.2,13.47729019,92630.98000000,92630.98000000,92533.78000000,92552.10000000,18.84620000,92703.0,92703.0,92630.0,92630.0,0.11370836000000001,92633.75,92633.76,92536.51,92586.67,16.54804998,92625.6,92625.6,92538.5,92552.2,1308762.11417420
2025-11-28 15:23:00,92559.74,92595.99,92531.45,92548.11,8.4945991,92552.09000000,92593.50000000,92534.58000000,92540.00000000,10.92955000,92662.0,92662.0,92661.0,92661.0,0.00123916,92586.67,92591,92536.47,92541.9,7.7981353,92552.2,92580.3,92536.2,92536.2,1221556.39600610
2025-11-28 15:24:00,92550.68,92682.49,92550.68,92672.0,13.64188159,92540.01000000,92676.69000000,92540.00000000,92668.40000000,21.36875000,92713.0,92728.0,92713.0,92728.0,0.11717999,92541.9,92669.41,92541.9,92668.54,9.81410592,92536.3,92666.3,92536.3,92664.1,1258099.82576830
2025-11-28 15:25:00,92672.0,92695.26,92576.01,92582.0,22.48597998,92668.39000000,92688.72000000,92564.95000000,92576.32000000,23.44286000,92756.0,92756.0,92668.0,92685.0,0.12146694000000001,92668.54,92694.15,92564.82,92576.03,20.06701673,92664.2,92684.9,92566.7,92575.1,1663996.27490160
2025-11-28 15:26:00,92582.03,92649.64,92572.15,92643.58,11.09784731,92576.32000000,92632.41000000,92562.47000000,92632.41000000,15.92200000,92705.0,92705.0,92705.0,92705.0,0.01,92576.03,92632.76,92564.12,92632.76,10.60135334,92575.1,92624.4,92564.2,92624.4,1407969.56910990
2025-11-28 15:27:00,92643.57,92673.03,92619.49,92634.32,8.40333915,92632.40000000,92667.17000000,92608.60000000,92619.25000000,12.17821000,92705.0,92747.0,92705.0,92718.0,0.06180592,92632.76,92655.57,92618.54,92633.2,6.47611148,92624.4,92654.9,92605,92617.8,1316956.67381860
2025-11-28 15:28:00,92634.32,92650.0,92523.93,92634.02,22.22464511,92619.25000000,92637.10000000,92522.01000000,92626.59000000,21.50826000,92698.0,92698.0,92621.0,92668.0,0.04523095,92633.2,92635.57,92533.84,92630.4,4.86798032,92617.8,92632.8,92521.3,92632.7,1577287.23660430
2025-11-28 15:29:00,92636.1,92691.96,92628.54,92680.51,5.67170966,92626.58000000,92681.72000000,92626.58000000,92668.55000000,6.13950000,92719.0,92751.0,92719.0,92751.0,0.00277747,92630.4,92682.58,92630.4,92674.24,11.96740394,92632.7,92674.7,92628.1,92674.6,1214931.86970550
2025-11-28 15:30:00,92674.02,92696.73,92632.13,92642.47,7.45774298,92668.54000000,92675.23000000,92631.99000000,92641.65000000,9.28535000,92741.0,92749.0,92741.0,92749.0,0.97844845,92674.24,92676.14,92632.9,92641.89,2.60978566,92666.4,92673.7,92614.9,92633.8,1112498.80067580
2025-11-28 15:31:00,92647.02,92683.77,92583.84,92667.7,11.08815698,92641.65000000,92678.00000000,92584.89000000,92656.01000000,20.57013000,92742.0,92742.0,92725.0,92725.0,0.00051997,92641.89,92664.44,92585.1,92664.44,6.13471212,92633.9,92664.5,92574.7,92664.5,1251825.10637870
2025-11-28 15:32:00,92672.79,92780.0,92573.92,92622.65,12.76754415,92656.01000000,92767.04000000,92575.92000000,92608.24000000,21.14876000,92759.0,92819.0,92682.0,92682.0,0.33047139999999997,92664.44,92751.25,92591.94,92608.84,15.92271391,92664.5,92764,92575.1,92603.4,1343011.15145020
2025-11-28 15:33:00,92622.62,92779.26,92612.18,92723.96,21.83183381,92608.24000000,92751.61000000,92608.23000000,92714.76000000,20.02797000,92682.0,92822.0,92682.0,92776.0,0.28608209,92608.84,92752.19,92608.18,92715.35,17.84016006,92603.3,92752,92603.3,92708.2,1192860.60592500
2025-11-28 15:34:00,92723.96,92798.58,92701.0,92762.58,12.1326558,92714.77000000,92795.00000000,92695.28000000,92756.78000000,12.97362000,92813.0,92849.0,92813.0,92844.0,0.00387832,92715.35,92791.93,92693.15,92757.38,8.76550026,92708.1,92784.4,92697.8,92750.5,1101464.02132900
2025-11-28 15:35:00,92761.12,92804.68,92712.27,92727.08,19.71153694,92756.79000000,92796.00000000,92706.89000000,92724.99000000,19.64287000,92840.0,92850.0,92810.0,92810.0,0.00036113,92757.38,92796.05,92708.81,92717.94,8.68943127,92750.6,92791.4,92703.4,92717.4,1158872.59249410
2025-11-28 15:36:00,92731.41,92774.0,92698.55,92767.43,19.14189134,92724.99000000,92758.50000000,92689.31000000,92756.80000000,25.12050000,92821.0,92842.0,92782.0,92782.0,0.031,92717.94,92760.34,92690.61,92760.14,18.32725789,92717.5,92752.9,92686.7,92749.7,1217086.99004690
2025-11-28 15:37:00,92764.42,92793.06,92723.96,92732.02,19.22291283,92756.81000000,92770.91000000,92708.60000000,92718.01000000,26.00887000,92828.0,92829.0,92828.0,92829.0,0.00722873,92760.14,92760.34,92711.68,92720.79,15.64318356,92749.6,92771.9,92707.8,92710.3,1119955.74635100
2025-11-28 15:38:00,92732.03,92732.03,92613.1,92660.95,14.00245151,92718.00000000,92718.01000000,92608.24000000,92656.02000000,10.08487000,92813.0,92813.0,92721.0,92721.0,0.06929215,92720.79,92720.8,92614.35,92646.75,4.97007109,92710.3,92710.3,92600.1,92646.5,1148114.41710060
2025-11-28 15:39:00,92658.03,92669.79,92553.84,92604.1,23.2551784,92656.03000000,92657.24000000,92549.15000000,92585.24000000,19.64020000,92720.0,92720.0,92670.0,92671.0,0.04412257,92646.75,92659.76,92551.53,92576.17,9.88397125,92653.2,92653.3,92533.2,92582.6,1360932.38219890
2025-11-28 15:40:00,92604.11,92606.82,92532.29,92587.26,18.17059979,92585.23000000,92592.68000000,92528.00000000,92576.38000000,12.99105000,92651.0,92672.0,92641.0,92641.0,0.21174914,92576.17,92590,92524.87,92572.14,12.20504834,92582.6,92589.7,92523.9,92574.7,1336567.72392100
2025-11-28 15:41:00,92589.97,92627.26,92539.66,92610.23,14.19480296,92576.38000000,92613.06000000,92529.92000000,92603.20000000,11.27897000,92664.0,92664.0,92664.0,92664.0,0.00022935,92572.14,92609.06,92529.02,92601.6,6.08723332,92574.7,92604.8,92533.1,92604.7,1265384.49020830
2025-11-28 15:42:00,92610.23,92615.95,92564.0,92568.11,17.74976583,92603.20000000,92603.21000000,92555.60000000,92555.61000000,8.42755000,,,,,,92601.6,92601.6,92554.23,92554.23,2.79555711,92604.7,92604.7,92560.2,92560.7,1329378.15413830
2025-11-28 15:43:00,92568.12,92613.29,92535.2,92592.04,18.19728116,92555.60000000,92595.38000000,92528.00000000,92583.56000000,17.93478000,92656.0,92656.0,92644.0,92644.0,0.12786938,92554.23,92570.23,92529.08,92570.22,12.58732613,92560.7,92586.9,92522.6,92586.9,1254276.01281570
2025-11-28 15:44:00,92592.04,92595.69,92515.84,92547.3,16.60783189,92583.55000000,92583.56000000,92503.74000000,92528.01000000,17.69720000,92640.0,92640.0,92640.0,92640.0,0.00062944,92570.22,92581.91,92509.53,92526.8,3.18234591,92586.8,92586.8,92514.5,92522.9,868665.11214800
2025-11-28 15:45:00,92547.3,92564.95,92446.0,92462.01,23.95757587,92528.01000000,92548.67000000,92450.42000000,92457.48000000,21.00036000,92632.0,92632.0,92570.0,92570.0,0.04120815,92526.8,92529.09,92450.27,92450.27,13.9201025,92529.2,92544.4,92446.4,92451.3,931173.58071510
2025-11-28 15:46:00,92462.0,92462.0,92382.72,92392.0,22.7796823,92457.49000000,92457.49000000,92382.04000000,92382.04000000,31.62194000,92560.0,92560.0,92505.0,92505.0,1.0593354,92450.27,92450.27,92385.07,92385.07,20.67604283,92451.3,92451.4,92380.9,92388.2,880123.57965170
2025-11-28 15:47:00,92392.0,92441.65,92391.99,92434.32,23.89129016,92382.04000000,92427.34000000,92379.23000000,92426.14000000,19.37618000,92489.0,92490.0,92488.0,92490.0,0.20239931,92385.07,92430.41,92385.07,92419.37,14.08532879,92388.2,92422.7,92388.2,92417.3,822407.21005540
2025-11-28 15:48:00,92434.31,92434.31,92317.27,92391.11,19.6985779,92426.14000000,92426.14000000,92345.25000000,92382.84000000,21.14504000,92518.0,92518.0,92481.0,92481.0,0.057070510000000005,92419.37,92419.37,92347.34,92378.74,15.92924785,92417.2,92417.2,92343.7,92380.8,1165685.45604200
2025-11-28 15:49:00,92391.11,92454.03,92348.01,92440.71,13.79178031,92382.84000000,92444.50000000,92349.57000000,92441.85000000,13.41287000,92473.0,92473.0,92460.0,92473.0,2.00612376,92378.74,92444.91,92352.45,92444.87,3.8482003,92380.8,92437.3,92354.5,92429.8,1041883.38501470
2025-11-28 15:50:00,92440.72,92481.58,92368.09,92391.55,8.12380234,92441.85000000,92474.50000000,92363.65000000,92392.11000000,12.33891000,92543.0,92543.0,92497.0,92497.0,0.00268933,92444.87,92477.49,92367.89,92395.07,7.47015833,92429.9,92465.6,92361.4,92386.4,1258651.21606440
2025-11-28 15:51:00,92393.02,92413.24,92303.94,92362.0,10.69571475,92392.11000000,92396.54000000,92314.61000000,92360.46000000,12.35319000,92472.0,92472.0,92431.0,92431.0,0.01402776,92395.07,92395.08,92325.01,92363.36,7.05200831,92386.4,92395.5,92313.2,92355.7,1090672.38129110
2025-11-28 15:52:00,92362.0,92392.0,92298.46,92330.94,14.86605641,92360.46000000,92379.10000000,92298.20000000,92326.31000000,23.20299000,92462.0,92462.0,92378.0,92384.0,0.60983402,92363.36,92382,92301.06,92329.33,13.19336591,92355.7,92373.3,92300,92322.2,1264929.39856210
2025-11-28 15:53:00,92330.93,92417.11,92322.17,92392.05,8.04002136,92326.31000000,92414.17000000,92321.14000000,92385.28000000,28.85907000,92412.0,92452.0,92412.0,92452.0,0.03790364,92329.33,92395.28,92324.12,92395.28,7.7074984,92322.2,92407.3,92322.2,92380.5,1292293.63098100
2025-11-28 15:54:00,92392.48,92423.6,92368.09,92379.57,13.64521352,92385.27000000,92410.22000000,92365.80000000,92374.84000000,12.39941000,92460.0,92480.0,92460.0,92480.0,0.00226206,92395.28,92413.65,92368.82,92385.67,21.38556331,92380.4,92400.7,92364.3,92373.5,1357532.36433880
2025-11-28 15:55:00,92379.56,92469.03,92356.61,92432.0,8.52480731,92374.84000000,92469.38000000,92349.85000000,92425.52000000,18.67325000,92448.0,92545.0,92448.0,92545.0,0.00643,92385.67,92453.52,92360.25,92423.05,14.61532154,92373.5,92457.5,92349,92418.2,993685.58530750
2025-11-28 15:56:00,92432.0,92441.72,92349.6,92361.79,7.00126574,92425.52000000,92430.64000000,92345.62000000,92345.63000000,13.20168000,92495.0,92496.0,92495.0,92496.0,0.00122997,92423.05,92430.18,92348.48,92348.5,4.94741334,92418.2,92433.7,92345.3,92345.3,1119568.96498740
2025-11-28 15:57:00,92361.22,92385.29,92316.42,92362.33,8.66144179,92345.63000000,92381.00000000,92313.06000000,92356.89000000,19.40327000,92462.0,92462.0,92422.0,92422.0,0.00271486,92348.5,92359.72,92315.93,92359.72,12.53212386,92345.4,92381.5,92314.5,92349.1,1129928.12545470
2025-11-28 15:58:00,92362.34,92393.04,92305.91,92305.91,5.96690165,92356.89000000,92376.30000000,92301.82000000,92301.83000000,9.77582000,92454.0,92454.0,92454.0,92454.0,0.0015356900000000001,92359.72,92380.72,92304.68,92304.68,5.82775041,92349.1,92373.1,92294.9,92294.9,1010250.65953910
2025-11-28 15:59:00,92305.94,92386.87,92288.88,92366.58,19.06413559,92301.83000000,92374.00000000,92292.11000000,92362.49000000,9.65922000,92416.0,92416.0,92416.0,92416.0,0.05410377,92304.68,92369.42,92285.24,92363.11,6.89657893,92294.5,92375.8,92294.4,92364.4,1147299.49934740
2025-11-28 16:00:00,92366.58,92392.6,92311.01,92327.98,4.80554209,92362.50000000,92376.00000000,92315.35000000,92315.35000000,8.56903000,92451.0,92451.0,92446.0,92446.0,0.005486990000000001,,,,,,92364.4,92375.8,92316.7,92320,1003929.46525980
