time,COINBASE:open,COINBASE:high,COINBASE:low,COINBASE:close,COINBASE:volume,BINANCE:open,BINANCE:high,BINANCE:low,BINANCE:close,BINANCE:volume,BITFINEX:open,BITFINEX:high,BITFINEX:low,BITFINEX:close,BITFINEX:volume,MEXC:open,MEXC:high,MEXC:low,MEXC:close,MEXC:volume,GATEIO:open,GATEIO:high,GATEIO:low,GATEIO:close,GATEIO:volume
2025-12-01 10:00,86691.61,86756.4,86691.61,86756.4,5.68185211,86704.85000000,86770.43000000,86704.85000000,86770.43000000,7.18903000,86894.0,86899.0,86894.0,86899.0,0.38599558,86706.64,86765.62,86701.99,86763.14,3.31363273,86712.5,86764.1,86712.5,86764.1,516900.09117960
2025-12-01 10:01,86761.8,86792.0,86758.63,86761.78,1.64034202,86770.43000000,86804.81000000,86770.42000000,86774.69000000,3.81894000,86928.0,86960.0,86928.0,86960.0,0.24899964,86763.14,86799.76,86763.14,86771.55,2.45490868,86767.1,86796.1,86767.1,86774.5,418891.17771550
2025-12-01 10:02,86761.77,86773.97,86737.66,86756.41,3.49595615,86774.68000000,86782.80000000,86756.00000000,86770.65000000,4.05534000,86909.0,86934.0,86906.0,86934.0,0.73789549,86771.55,86779.91,86752.84,86767.58,1.9901482,86774.6,86777,86753.6,86776,522159.03756500
2025-12-01 10:03,86756.41,86778.0,86730.68,86751.01,1.65828166,86770.64000000,86787.91000000,86740.01000000,86761.29000000,4.39704000,86923.0,86940.0,86923.0,86940.0,0.21879713,86767.58,86785.04,86737.2,86775.21,2.89508015,86776,86786,86747.1,86766.8,607174.63422090
2025-12-01 10:04,86751.01,86751.01,86700.17,86700.17,17.68886164,86761.28000000,86761.28000000,86716.03000000,86717.52000000,14.65458000,86910.0,86910.0,86910.0,86910.0,0.3125737,86775.21,86775.21,86730,86755.42,4.49526942,86766.8,86766.8,86712.5,86725.8,580155.64463260
2025-12-01 10:05,86708.57,86775.98,86697.01,86774.92,2.33966148,86720.00000000,86787.19000000,86708.02000000,86787.18000000,9.24386000,86909.0,86931.0,86895.0,86931.0,0.58141166,86755.42,86784.51,86713.55,86784.51,5.42052585,86721,86785.9,86705.9,86785.9,743387.91212180
2025-12-01 10:06,86774.92,86792.26,86756.41,86756.41,1.79031743,86787.18000000,86801.41000000,86764.23000000,86764.24000000,5.09218000,86932.0,86960.0,86925.0,86925.0,1.00524458,86784.51,86798.87,86761.51,86761.53,3.01662677,86785.8,86799,86774.6,86774.6,733889.85398230
2025-12-01 10:07,86756.4,86803.37,86747.28,86801.44,1.84560584,86764.23000000,86813.84000000,86764.23000000,86813.84000000,3.77623000,86924.0,86944.0,86921.0,86944.0,1.01366062,86761.53,86811.51,86761.52,86811.51,1.7014888,86774.6,86809,86770.3,86809,713988.93146190
2025-12-01 10:08,86801.44,86810.4,86784.19,86792.05,2.11566871,86813.84000000,86814.00000000,86796.54000000,86799.58000000,3.89237000,86947.0,86947.0,86947.0,86947.0,0.02702949,86811.51,86811.51,86793.98,86797.13,2.65959494,86808.9,86811.9,86803.1,86804.9,627569.25815640
2025-12-01 10:09,86784.17,86784.17,86734.81,86751.88,1.4980992,86799.59000000,86799.59000000,86742.61000000,86757.95000000,5.31231000,86947.0,86947.0,86900.0,86901.0,0.40765354,86797.13,86797.13,86740.13,86755.48,3.47962101,86804.9,86804.9,86748.8,86752,580955.42832170
2025-12-01 10:10,86751.88,86751.88,86718.61,86741.68,2.05324316,86757.94000000,86764.14000000,86735.52000000,86749.87000000,4.81278000,86915.0,86915.0,86899.0,86906.0,0.53000737,86755.48,86761.69,86733.08,86743.66,2.69069158,86752.6,86757,86728.1,86750.3,622659.36076650
2025-12-01 10:11,86741.68,86748.72,86717.62,86717.63,3.54198404,86749.87000000,86757.36000000,86737.36000000,86737.36000000,4.40584000,86899.0,86899.0,86899.0,86899.0,0.020900000000000002,86743.66,86756.65,86736.22,86736.22,3.07545736,86750.4,86752,86734.8,86734.8,483462.62738180
2025-12-01 10:12,86717.63,86761.52,86717.63,86737.54,1.07904717,86737.35000000,86769.66000000,86728.74000000,86752.15000000,3.67383000,86899.0,86924.0,86899.0,86921.0,0.45798611,86736.22,86759.92,86727.57,86759.9,1.72303772,86734.8,86764.6,86734.8,86756.1,610099.64626210
2025-12-01 10:13,86737.54,86738.0,86713.21,86718.61,1.49112517,86752.16000000,86752.16000000,86726.32000000,86726.32000000,2.86845000,86904.0,86904.0,86893.0,86893.0,0.45699637,86759.9,86759.9,86725.39,86725.43,2.06465407,86756.2,86756.2,86725.9,86726,452592.20435300
2025-12-01 10:14,86718.61,86733.37,86653.81,86661.26,5.33822079,86726.33000000,86745.58000000,86666.16000000,86675.44000000,7.50913000,86893.0,86894.0,86850.0,86850.0,0.36339336,86725.43,86744.43,86664.25,86668.43,2.47014039,86726,86736,86674,86674,586823.37177500
2025-12-01 10:15,86667.04,86684.44,86629.41,86647.23,16.90998907,86675.45000000,86691.88000000,86642.54000000,86662.57000000,17.32031000,86841.0,86841.0,86820.0,86820.0,0.3650999,86668.43,86690,86641.62,86660.29,12.22952584,86674,86685,86641,86668.1,539978.28806940
2025-12-01 10:16,86646.14,86646.14,86616.0,86616.0,4.7647897,86662.57000000,86662.57000000,86630.00000000,86630.00000000,4.29786000,86817.0,86817.0,86800.0,86800.0,0.00326325,86660.29,86660.3,86628.84,86628.84,2.53157859,86668,86668,86623.3,86623.3,333451.39747290
2025-12-01 10:17,86613.31,86638.0,86604.62,86623.09,6.63866425,86630.00000000,86642.53000000,86624.30000000,86634.35000000,9.62994000,86790.0,86790.0,86780.0,86780.0,0.20028683,86628.84,86640.39,86622.07,86632.25,5.75417938,86623.4,86637.6,86623.3,86630.7,432693.69695520
2025-12-01 10:18,86623.09,86636.19,86600.0,86636.19,3.79557535,86634.34000000,86640.00000000,86621.01000000,86638.94000000,6.62432000,86775.0,86780.0,86775.0,86780.0,0.02748482,86632.25,86637.93,86618.89,86636.63,4.04644002,86630.7,86635,86623.3,86635,367942.41705500
2025-12-01 10:19,86633.61,86678.98,86613.12,86678.98,6.3085238,86638.93000000,86680.00000000,86628.00000000,86680.00000000,5.50758000,86780.0,86795.0,86780.0,86795.0,0.000941,86636.63,86670.97,86625.75,86664.06,2.20153573,86635,86673.9,86627,86673.9,428164.97367380
2025-12-01 10:20,86673.12,86674.06,86606.91,86630.6,4.06527217,86680.00000000,86680.00000000,86630.00000000,86635.45000000,6.38327000,,,,,,86664.06,86677.75,86627.61,86633.18,4.13206017,86675.9,86675.9,86629.9,86633,268783.21436710
2025-12-01 10:21,86632.33,86642.36,86605.23,86608.01,3.8838233,86635.44000000,86649.98000000,86621.02000000,86621.02000000,2.24066000,86782.0,86782.0,86780.0,86780.0,0.15,86633.18,86645.48,86620.58,86620.58,1.35420242,86632.9,86642,86626.2,86626.3,31815.50413380
2025-12-01 10:22,86605.23,86635.46,86605.2,86632.0,5.16748191,86621.03000000,86637.70000000,86616.62000000,86637.70000000,2.44160000,86775.0,86775.0,86775.0,86775.0,0.00031197,86620.58,86635.15,86614.07,86635.01,1.50455518,86626.2,86633.9,86625.4,86633.8,46038.68507840
2025-12-01 10:23,86631.38,86653.79,86629.9,86633.27,5.75163197,86637.70000000,86655.32000000,86637.69000000,86644.65000000,4.82345000,86777.0,86778.0,86777.0,86778.0,0.00403305,86635.01,86652.63,86635.01,86641.96,2.80251462,86633.9,86652,86633.9,86652,38944.92031130
2025-12-01 10:24,86633.27,86636.03,86626.83,86636.03,2.81497566,86644.66000000,86648.40000000,86638.20000000,86648.40000000,1.58297000,86791.0,86791.0,86791.0,86791.0,0.09764857,86641.96,86641.97,86635.51,86640,1.57088775,86651.9,86651.9,86649,86650,13611.65328860
2025-12-01 10:25,86644.46,86644.46,86584.09,86598.27,2.25044225,86648.39000000,86648.40000000,86600.00000000,86604.51000000,7.00014000,86788.0,86788.0,86774.0,86774.0,0.01335001,86640,86640,86596.92,86600,4.22432609,86649.9,86650,86606,86606,335379.38818900
2025-12-01 10:26,86589.01,86620.95,86575.0,86575.0,3.20631225,86604.51000000,86630.00000000,86572.60000000,86587.05000000,28.83595000,86774.0,86774.0,86760.0,86760.0,0.09769771,86600,86627.8,86578.49,86585.1,17.33081168,86606,86630,86587.3,86587.4,527922.32254570
2025-12-01 10:27,86575.0,86577.17,86551.9,86551.93,0.65810545,86587.06000000,86587.06000000,86567.93000000,86567.93000000,2.66791000,86758.0,86758.0,86733.0,86733.0,0.051663020000000004,86585.1,86585.11,86565.91,86565.97,1.60795012,86587.4,86587.4,86574.1,86574.1,371024.59032230
2025-12-01 10:28,86551.93,86573.02,86536.04,86570.52,3.58686161,86567.94000000,86581.95000000,86552.00000000,86581.94000000,5.49916000,86733.0,86734.0,86733.0,86734.0,2.94534021,86565.97,86576.74,86549.89,86576.71,4.32302559,86574.1,86580,86556,86580,429631.34421610
2025-12-01 10:29,86570.52,86584.5,86570.52,86577.76,3.10371975,86581.94000000,86596.34000000,86581.93000000,86596.11000000,4.04641000,,,,,,86576.71,86593.46,86576.71,86593.22,2.88956042,86579.9,86595.4,86579.9,86595.3,137814.71974440
2025-12-01 10:30,86576.11,86611.27,86576.11,86611.27,2.05931712,86596.12000000,86626.01000000,86596.07000000,86626.01000000,2.20272000,86733.0,86734.0,86733.0,86734.0,1.77529,86593.22,86623.17,86593.18,86623.17,0.97748295,86595.4,86621.3,86595.3,86621.3,439098.46359540
2025-12-01 10:31,86611.27,86654.0,86611.27,86638.1,2.43695322,86626.00000000,86665.30000000,86626.00000000,86654.13000000,7.34538000,86753.0,86759.0,86753.0,86759.0,0.0019598,86623.17,86663.67,86623.17,86652.52,4.47457291,86621.3,86663.3,86621.3,86655.5,406091.63903760
2025-12-01 10:32,86638.09,86653.61,86628.57,86632.82,1.09879905,86654.14000000,86654.14000000,86642.50000000,86642.51000000,5.03567000,86789.0,86789.0,86786.0,86786.0,0.07167861,86652.52,86652.52,86640.63,86640.64,3.29606551,86655.5,86655.6,86641.5,86641.6,547362.12052940
2025-12-01 10:33,86632.82,86632.82,86570.52,86571.45,1.96035932,86642.51000000,86642.51000000,86585.40000000,86585.40000000,4.82078000,,,,,,86640.64,86640.65,86590,86590,2.19696519,86641.6,86641.6,86593.7,86596,446934.43213260
2025-12-01 10:34,86570.88,86589.0,86545.8,86589.0,5.52347042,86585.40000000,86600.05000000,86555.19000000,86600.04000000,9.39038000,86759.0,86759.0,86733.0,86733.0,0.363,86590,86598.04,86553.22,86598.02,6.24529414,86593.7,86594,86564,86594,678040.28374600
2025-12-01 10:35,86588.99,86629.99,86577.19,86629.98,2.86174729,86600.05000000,86639.92000000,86588.78000000,86639.91000000,10.09214000,86775.0,86775.0,86775.0,86775.0,0.0011524,86598.02,86639.68,86586.53,86637.77,4.55989284,86593.9,86628.7,86593.6,86628.7,547784.13212820
2025-12-01 10:36,86625.86,86634.92,86605.2,86612.02,1.54061189,86639.91000000,86639.92000000,86624.31000000,86624.31000000,3.46062000,86775.0,86775.0,86775.0,86775.0,0.02844,86637.77,86637.77,86622.02,86622.12,2.49148758,86628.6,86638,86628.6,86631,581570.38279140
2025-12-01 10:37,86611.99,86632.03,86586.55,86626.25,1.42763709,86624.31000000,86639.49000000,86608.01000000,86639.48000000,7.15887000,86755.0,86755.0,86755.0,86755.0,0.04267,86622.12,86637.32,86605.79,86637.3,4.67532737,86631.1,86632,86612,86632,545795.91500100
2025-12-01 10:38,86623.99,86627.95,86605.21,86627.94,0.80850746,86639.49000000,86643.46000000,86617.68000000,86643.46000000,4.09023000,86774.0,86774.0,86758.0,86758.0,0.29553086,86637.3,86641.59,86615.61,86641.49,2.29220837,86631.9,86632,86626.6,86632,465529.73806470
2025-12-01 10:39,86627.95,86627.95,86583.61,86618.0,3.48474137,86643.46000000,86643.46000000,86600.00000000,86633.73000000,10.96407000,86741.0,86742.0,86741.0,86742.0,0.00134,86641.49,86641.49,86598.04,86629.03,4.47717282,86631.9,86632,86605,86624,710234.19640730
2025-12-01 10:40,86619.98,86619.99,86585.06,86585.06,1.25176218,86633.72000000,86633.73000000,86608.53000000,86608.53000000,3.23215000,86758.0,86758.0,86758.0,86758.0,0.00050995,86629.03,86631.64,86605.36,86606.14,4.07420815,86624,86624,86609.2,86609.2,330918.81480590
2025-12-01 10:41,86585.07,86603.91,86562.01,86603.91,1.35648394,86608.53000000,86612.94000000,86574.63000000,86612.93000000,3.52334000,86747.0,86747.0,86747.0,86747.0,0.00044,86606.14,86610.55,86572.22,86610.53,2.20182553,86607.8,86611,86584,86611,463158.11868630
2025-12-01 10:42,86602.87,86624.9,86600.02,86620.84,0.3091387,86612.94000000,86633.72000000,86612.94000000,86633.71000000,1.90807000,86773.0,86774.0,86773.0,86774.0,0.00580586,86610.53,86631.05,86610.53,86630.99,1.06740469,86611,86628.6,86611,86628.6,294466.37689500
2025-12-01 10:43,86620.83,86620.85,86581.44,86593.68,1.1573104,86633.71000000,86633.72000000,86596.37000000,86596.38000000,5.31692000,,,,,,86630.99,86631,86593.66,86593.67,3.16371362,86628.6,86628.6,86604,86604,300627.64403600
2025-12-01 10:44,86588.85,86620.17,86588.85,86619.17,1.1592672,86596.38000000,86624.00000000,86596.38000000,86624.00000000,3.35170000,86773.0,86773.0,86773.0,86773.0,0.02038,86593.67,86621.54,86593.67,86621.34,2.00368746,86604,86623.5,86604,86623.5,377692.67297750
2025-12-01 10:45,86619.17,86656.0,86608.01,86611.93,4.42646133,86624.00000000,86662.14000000,86624.00000000,86631.61000000,8.81334000,86775.0,86777.0,86775.0,86777.0,0.05233427,86621.34,86659.58,86621.34,86629.04,4.24369229,86627.7,86658.4,86627.7,86636,394334.64693120
2025-12-01 10:46,86615.67,86675.4,86609.46,86657.99,3.19969767,86631.60000000,86680.01000000,86631.60000000,86668.61000000,4.55806000,86781.0,86781.0,86781.0,86781.0,0.00039383,86629.04,86677.42,86629.02,86666,2.09688393,86635.1,86681.8,86635,86674,541586.28491560
2025-12-01 10:47,86664.0,86673.27,86651.19,86671.99,0.68298634,86668.61000000,86686.92000000,86668.60000000,86686.92000000,2.85627000,86800.0,86800.0,86800.0,86800.0,0.10011799,86666,86684.35,86666,86684.34,2.38475229,86674.1,86681.6,86673,86681.6,236643.35807200
2025-12-01 10:48,86673.99,86686.2,86632.21,86632.21,2.88328854,86686.92000000,86700.00000000,86652.02000000,86652.03000000,6.28262000,86824.0,86824.0,86807.0,86807.0,0.00223032,86684.34,86697.45,86649.5,86649.5,3.24022788,86681.6,86700.5,86655.1,86655.1,381045.62639120
2025-12-01 10:49,86632.2,86654.26,86626.29,86642.05,1.87403966,86652.02000000,86660.01000000,86648.00000000,86660.01000000,3.40531000,86793.0,86793.0,86793.0,86793.0,0.03053314,86649.5,86657.56,86645.46,86657.39,2.57117495,86655.1,86655.1,86650,86655,203148.22369980
2025-12-01 10:50,86638.48,86654.95,86638.48,86647.99,0.7468269,86660.01000000,86660.70000000,86660.00000000,86660.70000000,3.62856000,,,,,,86657.39,86657.88,86657.39,86657.86,2.15203976,86655,86657,86655,86656.9,437815.62639500
2025-12-01 10:51,86647.99,86652.79,86624.0,86624.0,0.99273654,86660.69000000,86660.70000000,86635.47000000,86635.47000000,5.50093000,86783.0,86783.0,86783.0,86783.0,0.00021597,86657.86,86657.86,86632.68,86632.68,3.26672546,86657,86657,86641,86641,515656.11129770
2025-12-01 10:52,86623.99,86624.03,86594.0,86600.0,0.68096011,86635.47000000,86635.48000000,86606.91000000,86606.91000000,3.35475000,86782.0,86782.0,86776.0,86776.0,0.40577454,86632.68,86632.69,86603.96,86604,2.11065816,86641,86641.1,86605.7,86605.8,531153.52107650
2025-12-01 10:53,86600.0,86640.68,86584.01,86640.43,3.33024567,86606.92000000,86651.62000000,86605.85000000,86651.61000000,17.30418000,86775.0,86775.0,86749.0,86749.0,0.14358001,86604,86648.77,86602.91,86648.67,10.24637086,86605.8,86644,86605.7,86644,607901.68247770
2025-12-01 10:54,86640.43,86640.44,86630.01,86634.58,0.87932363,86651.62000000,86651.62000000,86647.71000000,86647.72000000,5.13606000,,,,,,86648.67,86648.68,86644.76,86644.98,3.16547667,86643.9,86644,86643.9,86644,389943.43129480
2025-12-01 10:55,86639.43,86680.3,86624.2,86624.21,2.77836688,86647.72000000,86690.71000000,86633.52000000,86633.52000000,13.41296000,86791.0,86832.0,86790.0,86790.0,1.36971404,86644.98,86687.98,86631.3,86631.3,7.88830001,86644,86681.7,86638.7,86638.8,488707.33971760
2025-12-01 10:56,86624.21,86648.46,86619.57,86619.57,3.28951461,86633.53000000,86656.39000000,86633.52000000,86633.53000000,3.24877000,86790.0,86797.0,86790.0,86797.0,0.17126146,86631.3,86654.22,86631.25,86631.25,1.33031188,86638.7,86650.4,86638.3,86638.3,416105.63517080
2025-12-01 10:57,86616.7,86654.23,86611.25,86646.73,0.8056736,86633.52000000,86660.70000000,86633.52000000,86660.70000000,3.27619000,86793.0,86793.0,86793.0,86793.0,0.18285907999999998,86631.25,86658.23,86631.21,86658.23,2.66325033,86638.2,86654,86638.2,86654,373181.45938620
2025-12-01 10:58,86640.15,86649.91,86623.2,86637.26,2.77520047,86660.69000000,86660.69000000,86644.95000000,86644.96000000,2.76219000,86804.0,86806.0,86804.0,86806.0,0.35331895,86658.23,86658.23,86642.06,86642.13,1.78397228,86654,86654,86650,86650.1,286332.51972510
2025-12-01 10:59,86634.1,86646.0,86632.2,86632.21,0.63846134,86644.95000000,86656.40000000,86644.95000000,86647.73000000,6.98671000,86805.0,86805.0,86805.0,86805.0,0.17777711,86642.13,86653.85,86642.13,86645.12,4.06629258,86650.1,86650.1,86650,86650.1,307816.41532550
2025-12-01 11:00,86632.76,86646.99,86632.2,86632.21,1.34467046,86647.73000000,86656.39000000,86647.72000000,86647.74000000,4.58597000,86805.0,86805.0,86789.0,86803.0,0.25102898,86645.12,86653.7,86644.99,86645.01,2.70878924,86650.1,86651,86648,86648.1,262113.28919000
2025-12-01 11:01,86633.74,86689.64,86633.74,86688.0,1.9949225,86647.73000000,86699.99000000,86647.73000000,86699.99000000,11.52917000,86798.0,86830.0,86798.0,86830.0,0.58907467,86645.01,86697.97,86645.01,86697.97,6.85674371,86648,86695.9,86648,86695.9,454916.25782490
2025-12-01 11:02,86687.99,86687.99,86626.81,86626.81,0.95923332,86699.98000000,86699.99000000,86644.94000000,86644.94000000,8.38765000,86828.0,86828.0,86823.0,86823.0,0.14990656,86697.97,86697.97,86644.36,86645.09,3.62447605,86695.8,86695.9,86648.5,86648.6,424600.25349400
2025-12-01 11:03,86626.81,86626.81,86589.04,86607.35,2.37385893,86644.95000000,86644.95000000,86604.06000000,86624.50000000,15.50076000,86795.0,86795.0,86761.0,86761.0,0.35035936,86645.09,86645.09,86601.47,86625.88,10.57401983,86646.6,86646.6,86609.2,86622,505483.94167630
2025-12-01 11:04,86611.39,86613.99,86562.0,86562.0,1.51002628,86624.50000000,86624.51000000,86576.00000000,86576.00000000,5.84247000,86769.0,86769.0,86741.0,86741.0,0.33287281,86625.88,86625.88,86578.97,86581.77,3.25851573,86622,86622,86580,86580,446019.41466320
2025-12-01 11:05,86556.6,86556.6,86502.55,86505.99,8.40843659,86576.00000000,86576.00000000,86522.79000000,86524.00000000,7.82351000,86740.0,86740.0,86697.0,86697.0,2.05228959,86581.77,86581.77,86521.5,86521.51,4.50507669,86580,86580,86524.4,86524.4,638704.32548060
2025-12-01 11:06,86505.98,86512.09,86462.58,86480.0,7.88282573,86524.00000000,86529.94000000,86477.76000000,86496.92000000,22.24095000,86690.0,86690.0,86671.0,86672.0,0.39318133,86521.51,86521.51,86474.93,86500,12.3797117,86524.5,86524.5,86486.2,86501.8,517778.66615900
2025-12-01 11:07,86481.99,86523.01,86481.99,86506.0,12.42339813,86496.91000000,86538.59000000,86496.91000000,86526.63000000,7.77192000,86681.0,86689.0,86681.0,86683.0,0.21690116,86500,86535.71,86500,86523.74,4.49594052,86501.9,86528.5,86501.8,86521,416505.61702920
2025-12-01 11:08,86509.99,86522.0,86478.16,86490.03,3.44079806,86526.63000000,86535.26000000,86490.34000000,86500.00000000,17.65424000,86673.0,86673.0,86672.0,86672.0,0.37430359,86523.74,86532.37,86487.45,86497.11,11.93193084,86521.1,86526,86496.5,86496.5,270925.92922130
2025-12-01 11:09,86490.03,86490.03,86467.99,86477.99,2.76693181,86500.00000000,86500.00000000,86485.00000000,86493.94000000,9.94025000,86670.0,86670.0,86648.0,86648.0,0.44310013000000004,86497.11,86497.15,86481.54,86489.84,6.4344641,86496.6,86499,86489.1,86495.1,600601.99103950
2025-12-01 11:10,86477.99,86524.0,86477.99,86518.05,1.37884637,86493.94000000,86539.54000000,86493.93000000,86534.36000000,25.34818000,86648.0,86648.0,86648.0,86648.0,0.14356478,86489.84,86536.77,86489.83,86531.47,15.34982905,86495.1,86533,86495,86532.9,635413.27147660
2025-12-01 11:11,86518.05,86518.05,86471.41,86473.87,3.21048779,86534.36000000,86534.36000000,86487.22000000,86493.19000000,26.87381000,86680.0,86680.0,86657.0,86657.0,0.35863120000000004,86531.47,86532.02,86484.93,86490.99,15.91132687,86533,86533,86497.8,86497.9,646970.09079490
2025-12-01 11:12,86473.86,86487.7,86456.75,86479.79,3.66007006,86493.19000000,86507.20000000,86486.01000000,86486.02000000,6.35807000,86657.0,86657.0,86629.0,86636.0,0.71943386,86490.99,86493.87,86482.17,86482.81,4.60309879,86497.9,86499,86492.7,86493,728405.14420710
2025-12-01 11:13,86479.79,86481.69,86454.08,86463.83,5.52474105,86486.02000000,86493.19000000,86486.01000000,86486.02000000,22.35568000,86637.0,86641.0,86633.0,86641.0,0.06693047,86482.81,86483,86482.55,86482.55,13.51262884,86493,86494,86490,86490.1,659962.20355270
2025-12-01 11:14,86463.83,86483.29,86459.85,86471.19,3.2300723,86486.02000000,86500.00000000,86486.01000000,86487.26000000,5.48722000,86630.0,86640.0,86630.0,86640.0,0.5477882,86482.55,86497.12,86482.48,86484.31,3.23684623,86490,86498,86490,86493.1,685520.62741440
2025-12-01 11:15,86471.18,86483.29,86438.88,86456.99,8.16072886,86487.27000000,86496.00000000,86458.36000000,86474.07000000,19.35051000,86635.0,86646.0,86630.0,86630.0,0.5874622899999999,86484.31,86492.04,86455.34,86471.24,5.38326894,86493.2,86503.2,86467,86469.9,670459.96400600
2025-12-01 11:16,86456.98,86515.2,86456.98,86498.28,7.1605663,86474.06000000,86536.99000000,86474.06000000,86520.76000000,12.48759000,86634.0,86676.0,86634.0,86675.0,0.5895345200000001,86471.24,86534.09,86471.23,86509.46,4.32645356,86470,86532.9,86470,86517.9,751973.02163310
2025-12-01 11:17,86506.84,86513.39,86426.56,86432.09,7.87607674,86520.76000000,86532.01000000,86440.95000000,86447.01000000,19.33910000,86673.0,86674.0,86612.0,86613.0,0.66880903,86509.46,86523.12,86446.71,86446.71,10.96274953,86517.8,86525.9,86449.5,86449.5,777915.31565390
2025-12-01 11:18,86432.09,86441.9,86421.6,86426.0,1.71544896,86447.01000000,86466.89000000,86442.17000000,86445.44000000,17.55845000,86613.0,86613.0,86613.0,86613.0,0.41033292,86446.71,86466.57,86444.27,86444.89,14.38399838,86449.5,86456,86449,86449,405446.93947630
2025-12-01 11:19,86426.0,86448.6,86417.91,86431.87,2.76538029,86445.44000000,86465.40000000,86439.56000000,86455.28000000,10.06439000,86614.0,86614.0,86607.0,86607.0,0.18271966,86444.89,86462.6,86439.01,86449.68,5.75510653,86449,86462,86446,86454,385382.64333390
2025-12-01 11:20,86431.88,86448.6,86403.24,86415.97,7.59563015,86455.28000000,86472.69000000,86432.85000000,86435.45000000,7.61213000,86610.0,86612.0,86609.0,86609.0,0.58544368,86449.68,86473.72,86449.68,86450.31,1.83296803,86454.1,86468.9,86438.6,86438.6,772801.87553940
2025-12-01 11:21,86415.97,86495.99,86399.34,86454.2,8.44195912,86435.44000000,86516.00000000,86420.76000000,86477.72000000,12.63709000,86600.0,86650.0,86586.0,86650.0,0.26345564,86450.31,86517.09,86423.51,86478.47,10.35990217,86438.6,86510.8,86423.2,86470.7,857421.88333440
2025-12-01 11:22,86454.22,86464.8,86394.6,86427.0,17.07213151,86477.72000000,86492.87000000,86421.55000000,86447.19000000,21.49696000,86618.0,86625.0,86583.0,86584.0,0.6187667,86478.47,86482.76,86443.69,86448.71,16.13051955,86470.8,86481.7,86427.9,86449.3,778162.12360190
2025-12-01 11:23,86427.0,86437.77,86405.73,86415.99,1.21974982,86447.18000000,86455.83000000,86427.36000000,86437.72000000,5.00639000,86589.0,86590.0,86589.0,86590.0,0.39717228,86448.71,86457.38,86428.82,86439.17,3.01033919,86449.3,86455,86433.3,86433.4,523357.86385130
2025-12-01 11:24,86415.99,86454.0,86414.68,86427.99,5.03033092,86437.71000000,86478.07000000,86437.71000000,86453.31000000,13.25448000,86595.0,86597.0,86595.0,86597.0,0.32772965,86439.17,86477.07,86437.64,86443.28,7.41548612,86433.4,86472.3,86433.4,86443,745960.88573280
2025-12-01 11:25,86434.69,86493.88,86434.69,86464.82,3.80886755,86453.31000000,86516.00000000,86453.30000000,86490.21000000,13.42432000,86595.0,86626.0,86595.0,86626.0,0.19927489,86443.28,86515.03,86443.28,86489.24,7.51734823,86443,86510.2,86442.9,86495,924811.39395310
2025-12-01 11:26,86464.82,86464.82,86413.59,86421.6,5.0598833,86490.21000000,86490.21000000,86432.16000000,86435.37000000,9.71386000,86616.0,86616.0,86601.0,86604.0,0.56489543,86489.24,86489.25,86431.42,86454.09,5.70957947,86495,86495,86437.7,86444.2,1156585.75988580
2025-12-01 11:27,86416.2,86416.43,86393.65,86405.48,1.96561098,86435.38000000,86435.38000000,86421.46000000,86421.47000000,2.89386000,86600.0,86600.0,86581.0,86581.0,0.15626433,86454.09,86454.09,86420.65,86420.65,2.88353956,86444,86444,86421.7,86421.7,815678.06404120
2025-12-01 11:28,86402.07,86427.61,86402.07,86427.61,2.77808052,86421.46000000,86453.71000000,86421.46000000,86451.57000000,5.49336000,86581.0,86591.0,86581.0,86591.0,0.39961886,86420.65,86452.89,86420.65,86450.75,3.42091089,86421.7,86443.5,86421.7,86443.4,872262.46188570
2025-12-01 11:29,86427.61,86472.01,86427.61,86446.36,4.1480694,86451.57000000,86482.75000000,86451.56000000,86464.73000000,5.66653000,86591.0,86595.0,86591.0,86595.0,0.18990047999999998,86450.75,86481.97,86450.74,86481.95,1.09758723,86443.5,86482.2,86443.4,86468,1020437.66299430
2025-12-01 11:30,86443.2,86446.76,86390.43,86412.69,10.10150508,86464.73000000,86464.74000000,86420.23000000,86434.09000000,14.04022000,86608.0,86617.0,86585.0,86585.0,0.33239320000000006,86481.95,86481.95,86419.52,86433.37,8.24346936,86463,86463.1,86417.2,86428.1,587737.72987820
2025-12-01 11:31,86412.69,86414.0,86379.55,86395.95,2.02655446,86434.08000000,86434.09000000,86400.00000000,86417.96000000,25.44107000,86585.0,86585.0,86580.0,86580.0,0.34289731,86433.37,86433.38,86400.85,86416.5,15.56244696,86428,86428.1,86404.4,86409,503768.82308340
2025-12-01 11:32,86395.95,86401.99,86345.99,86348.02,6.04151704,86417.95000000,86417.96000000,86359.17000000,86369.64000000,17.03001000,86568.0,86568.0,86531.0,86548.0,0.46507717,86416.5,86416.5,86360.07,86405.91,3.02417261,86408.9,86417.5,86367.4,86369.6,986660.86594100
2025-12-01 11:33,86348.02,86373.0,86337.87,86337.88,3.53356908,86369.64000000,86389.49000000,86360.21000000,86360.22000000,9.34171000,86530.0,86530.0,86523.0,86523.0,0.20932813,86405.91,86405.91,86357.91,86357.91,12.06656969,86369.5,86378,86366.5,86369,521466.48854540
2025-12-01 11:34,86337.88,86371.11,86325.18,86361.56,3.37212871,86360.21000000,86389.34000000,86350.00000000,86380.71000000,9.24192000,86522.0,86525.0,86520.0,86525.0,0.20443591,86357.91,86387.13,86357.91,86378.48,6.42022858,86369,86380,86347.9,86380,675380.64780710
2025-12-01 11:35,86361.56,86400.0,86340.61,86393.74,5.41187679,86380.70000000,86409.99000000,86360.55000000,86409.98000000,7.26069000,86531.0,86547.0,86531.0,86547.0,0.2601227,86378.48,86407.68,86370.38,86407.68,3.19084281,86380,86408,86369,86407.9,761766.91989580
2025-12-01 11:36,86389.99,86445.07,86379.76,86445.07,3.47464735,86409.99000000,86464.83000000,86404.48000000,86464.83000000,15.42441000,86554.0,86752.0,86544.0,86632.0,41.10635177,86407.68,86462.9,86402.16,86462.9,8.16126717,86407.9,86455.4,86407,86455.4,796229.27414810
2025-12-01 11:37,86445.07,86476.0,86424.09,86427.57,7.08642139,86464.83000000,86490.18000000,86454.00000000,86454.01000000,6.61797000,86629.0,86649.0,86614.0,86614.0,1.2026070500000001,86462.9,86488.08,86451.95,86451.96,5.24934763,86455.4,86489.5,86455,86455,992880.81070280
2025-12-01 11:38,86427.57,86427.57,86360.0,86401.29,3.84886894,86454.00000000,86454.00000000,86381.70000000,86416.46000000,6.98037000,86600.0,86600.0,86551.0,86575.0,0.2968387,86451.96,86451.96,86379.63,86414.44,5.09054732,86455,86455,86385.7,86412,877117.36748880
2025-12-01 11:39,86397.95,86407.99,86354.82,86376.64,3.28421235,86416.47000000,86420.70000000,86381.89000000,86391.67000000,5.58715000,86577.0,86579.0,86530.0,86534.0,0.26463516,86414.44,86418.72,86379.85,86390.22,2.84354433,86412,86413,86378.2,86383,795346.55304940
2025-12-01 11:40,86376.62,86395.34,86346.33,86378.41,4.53972472,86391.68000000,86410.42000000,86372.08000000,86398.84000000,6.47157000,86553.0,86562.0,86553.0,86556.0,0.54549775,86390.22,86408.98,86372.6,86404.95,3.28796444,86383,86400.8,86368.8,86398.9,875678.96056830
2025-12-01 11:41,86379.35,86381.95,86333.61,86334.58,2.24922604,86398.84000000,86398.85000000,86360.84000000,86360.84000000,4.59738000,86556.0,86556.0,86532.0,86532.0,0.39064306,86404.95,86404.95,86359.46,86359.48,3.89851212,86399,86399,86361,86361,454340.54519200
2025-12-01 11:42,86334.0,86345.99,86318.04,86345.99,3.87165516,86360.84000000,86371.36000000,86339.42000000,86371.36000000,3.45252000,86521.0,86521.0,86516.0,86518.0,0.40393409,86359.48,86370.23,86338.16,86370.23,1.82198246,86361,86361,86346.1,86358,414106.07739620
2025-12-01 11:43,86345.99,86358.0,86310.0,86332.0,4.13358489,86371.36000000,86371.36000000,86333.32000000,86347.67000000,16.28632000,86520.0,86520.0,86500.0,86505.0,0.42608042999999995,86370.23,86370.23,86332.1,86346.51,6.3435281,86357.9,86366.2,86334.5,86342.8,482554.29387880
2025-12-01 11:44,86331.58,86331.58,86232.61,86259.59,8.76028373,86347.68000000,86347.68000000,86250.00000000,86286.67000000,25.63443000,86500.0,86501.0,86442.0,86442.0,10.28332624,86346.51,86346.52,86253.67,86253.67,10.55413478,86342.7,86342.8,86251,86275.3,992479.96336260
2025-12-01 11:45,86259.6,86294.77,86241.93,86286.6,6.6059193,86286.67000000,86314.30000000,86261.56000000,86310.15000000,9.22937000,86441.0,86468.0,86430.0,86456.0,0.47235189,86253.67,86313.24,86253.67,86302.58,12.6731333,86282.5,86304,86264.4,86300,622022.14501580
2025-12-01 11:46,86286.59,86313.54,86286.58,86306.28,1.2053074,86310.15000000,86330.00000000,86307.10000000,86329.99000000,5.57571000,86456.0,86484.0,86456.0,86484.0,0.8179193299999999,86302.58,86328.57,86302.58,86328.29,3.3161544,86300,86327.9,86300,86327.9,534826.25452380
2025-12-01 11:47,86306.17,86306.17,86255.01,86260.06,5.00889721,86329.99000000,86330.00000000,86276.46000000,86286.60000000,8.77151000,86483.0,86483.0,86441.0,86441.0,0.39905303000000003,86328.29,86328.29,86277.16,86277.22,6.76415941,86327.8,86327.8,86284,86284.1,463716.40092560
2025-12-01 11:48,86266.41,86314.31,86266.41,86312.0,2.10558701,86286.60000000,86331.13000000,86286.60000000,86331.12000000,5.60774000,86445.0,86484.0,86445.0,86484.0,0.66791176,86277.22,86331.82,86277.22,86331.72,4.34781948,86284.1,86322.9,86284.1,86322.9,450275.10818960
2025-12-01 11:49,86311.99,86335.2,86254.21,86287.98,8.98388013,86331.13000000,86355.31000000,86274.37000000,86304.40000000,10.87999000,86484.0,86484.0,86448.0,86448.0,0.02592,86331.72,86331.73,86277.21,86295.41,6.91461963,86322.8,86357.2,86278.9,86298,586489.61116520
2025-12-01 11:50,86286.99,86340.0,86283.96,86340.0,4.42380712,86304.40000000,86354.00000000,86304.39000000,86354.00000000,6.67687000,86458.0,86477.0,86458.0,86477.0,0.34541008,86295.41,86351.12,86295.41,86351.09,3.26018485,86297.9,86349.4,86297.9,86349.4,610945.96555380
2025-12-01 11:51,86340.6,86357.57,86297.42,86305.3,7.27410836,86353.99000000,86366.00000000,86315.57000000,86322.63000000,108.73732000,86492.0,86506.0,86464.0,86473.0,1.00283198,86351.09,86357.08,86312.2,86319.74,76.27032063,86349.4,86367.4,86319,86319,735746.33987830
2025-12-01 11:52,86305.3,86333.13,86284.0,86284.74,4.35193825,86322.63000000,86344.26000000,86301.66000000,86301.98000000,12.45432000,86472.0,86494.0,86472.0,86494.0,0.19876942,86319.74,86341.38,86299.1,86299.1,6.78828477,86319,86337,86311.2,86311.2,560678.54027170
2025-12-01 11:53,86284.74,86325.03,86284.74,86309.62,1.7183891,86301.99000000,86348.12000000,86301.99000000,86325.43000000,6.82136000,86473.0,86490.0,86473.0,86490.0,0.39456705000000003,86299.1,86345.28,86299.1,86336.04,4.00696058,86311.2,86334.2,86311.2,86329.9,460536.74337700
2025-12-01 11:54,86309.61,86309.61,86278.87,86290.86,1.43457766,86325.43000000,86325.43000000,86301.87000000,86307.48000000,5.57833000,86473.0,86473.0,86436.0,86436.0,0.47700314,86336.04,86336.04,86298.72,86304.66,4.39501978,86327.1,86327.1,86292,86298,649788.65388210
2025-12-01 11:55,86290.86,86290.86,86242.01,86251.12,5.68702859,86307.47000000,86307.48000000,86259.11000000,86273.55000000,12.43647000,86458.0,86458.0,86413.0,86434.0,0.85663869,86304.66,86304.66,86264.8,86277.75,3.4496876,86297.9,86297.9,86263,86271,680531.89767670
2025-12-01 11:56,86251.46,86287.73,86242.42,86284.6,6.15321901,86273.55000000,86304.00000000,86269.08000000,86304.00000000,8.68513000,86461.0,86470.0,86461.0,86464.0,0.46069884,86277.75,86301.44,86266.49,86301.44,7.19012197,86271,86296.3,86271,86296.3,616540.29529950
2025-12-01 11:57,86285.89,86291.42,86223.99,86230.46,5.0626977,86304.00000000,86308.02000000,86258.84000000,86258.85000000,7.01128000,86450.0,86450.0,86416.0,86417.0,0.35881696,86301.44,86305.4,86262.16,86262.17,4.4306526,86296.3,86298.9,86258.5,86258.6,693697.63288750
2025-12-01 11:58,86230.47,86274.0,86148.51,86148.52,7.52923986,86258.85000000,86290.30000000,86173.44000000,86173.44000000,42.70008000,86425.0,86425.0,86360.0,86360.0,0.77440392,86262.17,86283.31,86175.86,86175.86,3.9045133,86258.6,86282,86180.1,86180.1,933416.60797470
2025-12-01 11:59,86148.52,86188.2,86114.0,86119.98,5.44481489,86173.45000000,86208.17000000,86131.01000000,86149.15000000,26.47804000,86350.0,86350.0,86311.0,86311.0,0.29976590000000003,86175.86,86205.37,86128.35,86143.81,38.83800547,86180.1,86201,86138,86140,955469.86951980
2025-12-01 12:00,86121.98,86149.78,86094.89,86108.15,10.93188423,86146.59000000,86160.00000000,86123.00000000,86123.00000000,15.71502000,86311.0,86311.0,86285.0,86285.0,0.07814228,86143.81,86157.33,86126.28,86132.31,5.89103702,86140,86158.2,86123,86123,1137063.04391730
2025-12-01 12:01,86109.47,86189.38,86094.15,86181.99,5.13807719,86123.01000000,86208.17000000,86116.00000000,86208.16000000,24.89585000,86288.0,86360.0,86273.0,86357.0,0.6388119,86132.31,86205.95,86109.24,86205.94,11.43689382,86123.1,86200.9,86117.5,86200.8,1102444.93366410
2025-12-01 12:02,86183.94,86205.6,86116.18,86136.56,10.93959761,86208.17000000,86231.52000000,86143.09000000,86156.17000000,23.87246000,86349.0,86349.0,86302.0,86331.0,0.03137977,86205.94,86221.7,86144.96,86171.93,18.60841095,86200.8,86225,86145.8,86164,983599.34997990
2025-12-01 12:03,86136.56,86152.29,86090.01,86136.02,9.31382135,86156.18000000,86175.99000000,86116.00000000,86157.10000000,33.82004000,86327.0,86327.0,86277.0,86307.0,0.06428977,86171.93,86173.98,86113.45,86143.59,22.8451014,86164.1,86166,86114.5,86151.6,1230322.70189380
2025-12-01 12:04,86136.02,86178.58,86113.81,86114.63,5.79883295,86157.11000000,86207.97000000,86138.38000000,86142.42000000,11.02124000,86310.0,86344.0,86285.0,86285.0,0.23257896,86143.59,86208.99,86141.62,86142.49,7.74455492,86151.6,86203,86137.5,86137.6,958901.52780500
2025-12-01 12:05,86114.63,86114.63,86009.03,86016.05,10.70119246,86142.42000000,86142.42000000,86040.00000000,86042.01000000,28.73811000,86284.0,86284.0,86202.0,86203.0,0.27758654,86142.49,86142.49,86039.65,86041.33,14.72319836,86137.6,86137.6,86045.1,86045.1,1275891.21624930
2025-12-01 12:06,86018.02,86018.02,85949.74,85972.61,10.50202193,86042.01000000,86042.02000000,85974.73000000,86000.99000000,34.50238000,86193.0,86193.0,86117.0,86153.0,0.63379347,86041.33,86041.33,85973.92,86002.27,22.140529,86045.1,86045.2,85975.2,86007,1168224.36368090
2025-12-01 12:07,85972.6,86032.79,85955.24,85955.24,10.1819443,86000.99000000,86062.55000000,85967.04000000,85967.05000000,19.76015000,86152.0,86175.0,86145.0,86169.0,0.04000336,86002.27,86061.4,85990.78,85990.78,7.59356759,86007,86054.3,85976.6,85976.6,1100118.41414300
2025-12-01 12:08,85951.81,86020.36,85917.42,85997.99,8.32100187,85967.05000000,86035.95000000,85940.02000000,86023.75000000,26.66512000,86140.0,86176.0,86113.0,86176.0,0.0637823,85990.78,86029.09,85953.19,86021.19,20.17965481,85976.6,86032.4,85944.6,86028.8,1104118.66584230
2025-12-01 12:09,86001.97,86038.22,85953.0,85973.31,6.36722416,86023.76000000,86064.00000000,85986.00000000,85993.06000000,23.74526000,86176.0,86189.0,86164.0,86164.0,0.08913810000000001,86021.19,86061.72,85984.36,85990.71,14.15663399,86028.9,86062.9,85993,86002,1175153.58347400
2025-12-01 12:10,85973.31,86032.8,85959.47,86012.22,5.54495501,85993.07000000,86052.61000000,85990.00000000,86036.58000000,17.82759000,86175.0,86175.0,86175.0,86175.0,0.00688,85990.71,86049.87,85984.97,86039.27,11.01556855,86001.9,86051.9,85994,86043,1380651.89308410
2025-12-01 12:11,86011.2,86011.2,85864.99,85892.0,17.80153067,86036.57000000,86036.57000000,85914.95000000,85914.97000000,12.84105000,86160.0,86160.0,86061.0,86061.0,0.07540722,86039.27,86039.27,85912.62,85912.69,8.39008577,86043,86043,85912.3,85913,1451241.17909560
2025-12-01 12:12,85891.99,85891.99,85781.45,85820.75,34.86483884,85914.97000000,85914.97000000,85811.00000000,85838.32000000,39.21243000,86062.0,86062.0,86000.0,86000.0,5.97435882,85912.69,85912.7,85808.36,85836.69,18.02496682,85912.9,85912.9,85813.6,85838.7,1162540.04111580
2025-12-01 12:13,85820.76,85881.64,85814.64,85816.81,11.14179317,85838.32000000,85895.61000000,85834.39000000,85834.40000000,25.88886000,86000.0,86044.0,86000.0,86000.0,0.2307407,85836.69,85893.13,85836.11,85836.11,16.10944794,85838.7,85894.9,85838.7,85844.7,1343140.85936390
2025-12-01 12:14,85816.8,85870.38,85811.41,85854.61,4.44314687,85834.39000000,85892.53000000,85834.00000000,85883.19000000,12.45020000,86000.0,86001.0,86000.0,86001.0,0.17611774,85836.11,85890.41,85831.53,85886.15,9.91590315,85844.6,85887,85838.6,85882.1,1281727.34415840
2025-12-01 12:15,85854.61,85930.0,85852.63,85915.54,9.35052338,85883.18000000,85950.00000000,85883.17000000,85938.19000000,16.19262000,86028.0,86089.0,86028.0,86079.0,0.2166339,85886.15,85940,85880.65,85934.24,14.61995386,85882.2,85947.3,85882,85946.7,1095824.13923300
2025-12-01 12:16,85915.53,85936.16,85862.4,85936.16,4.61838596,85938.20000000,85965.52000000,85883.79000000,85960.01000000,13.55575000,86056.0,86073.0,86028.0,86073.0,0.06994151,85934.24,85950,85895.32,85950,5.85858938,85946.7,85957.3,85889.9,85957.2,967999.83389870
2025-12-01 12:17,85936.16,85936.16,85855.77,85876.28,8.25067569,85960.01000000,85960.01000000,85884.80000000,85895.98000000,15.79959000,86038.0,86048.0,86027.0,86027.0,0.031,85950,85951.19,85881.91,85885.27,9.43648119,85957.2,85957.2,85889.9,85900.1,1074968.67085700
2025-12-01 12:18,85876.28,85883.93,85805.19,85830.52,8.95811233,85895.98000000,85905.24000000,85836.54000000,85852.04000000,18.17035000,86030.0,86030.0,86000.0,86000.0,0.08711242,85885.27,85902.38,85833.59,85837.78,7.81004002,85900.1,85900.1,85844.7,85848,1047211.59722450
2025-12-01 12:19,85830.96,85882.06,85830.96,85880.12,6.37913439,85852.05000000,85900.00000000,85852.05000000,85899.98000000,8.82824000,86005.0,86029.0,86005.0,86029.0,0.00287031,85837.78,85897.61,85837.78,85897.6,10.0184634,85849,85895,85849,85895,965791.54177740
2025-12-01 12:20,85880.12,85883.3,85840.06,85846.67,4.54006393,85899.97000000,85899.98000000,85857.81000000,85868.03000000,9.25637000,,,,,,85897.6,85897.62,85855.86,85866.1,5.45492613,85894.8,85898,85868.2,85868.2,304958.49796080
2025-12-01 12:21,85846.68,85982.11,85846.68,85935.61,5.63059288,85868.02000000,86000.00000000,85868.02000000,85957.83000000,26.52757000,86030.0,86090.0,86029.0,86090.0,10.12977208,85866.1,85998.26,85866.1,85978.54,6.91086323,85868.3,86000.2,85868.3,85967,282235.20214890
2025-12-01 12:22,85935.61,85968.0,85922.07,85967.99,5.25170573,85957.83000000,85993.92000000,85940.95000000,85993.92000000,11.83623000,,,,,,85978.54,85981.54,85938.41,85981.54,13.03921472,85965,85986.9,85947.2,85986.9,155402.30673280
2025-12-01 12:23,85968.0,86035.26,85968.0,85985.66,5.20516208,85993.91000000,86052.00000000,85993.91000000,86006.87000000,23.22664000,86098.0,86150.0,86098.0,86150.0,0.014609859999999999,85981.54,86049.42,85981.54,86004.27,16.79666306,85987,86051.9,85987,86012.1,179694.52632580
2025-12-01 12:24,85985.66,85989.62,85962.08,85977.63,2.60176909,86006.86000000,86006.87000000,85983.12000000,85998.90000000,12.31860000,86140.0,86140.0,86119.0,86134.0,0.21276773,86004.27,86005.97,85980.61,85996.5,7.45331649,86012,86012.1,85989.3,85998.9,81847.70639890
2025-12-01 12:25,85977.63,85977.63,85946.42,85950.01,4.0742074,85998.89000000,85998.90000000,85964.00000000,85970.85000000,17.17138000,86120.0,86132.0,86120.0,86132.0,0.05323217,85996.5,85996.5,85960.67,85968.01,4.14592921,85998.9,85998.9,85975.9,85976,713404.33084530
2025-12-01 12:26,85950.0,85950.01,85903.21,85903.22,3.27374427,85970.86000000,85970.86000000,85924.33000000,85924.34000000,8.48777000,86120.0,86120.0,86090.0,86091.0,0.02030979,85968.01,85968.01,85921.44,85921.45,8.15124175,85976,85976.1,85931.2,85931.2,777518.41102460
2025-12-01 12:27,85911.55,85911.55,85822.22,85822.22,4.90154874,85924.34000000,85928.87000000,85850.84000000,85850.85000000,11.05200000,86090.0,86090.0,86030.0,86030.0,0.02633983,85921.45,85926.09,85847.89,85847.95,7.86555644,85931.2,85931.3,85851.3,85851.3,812816.18169410
2025-12-01 12:28,85822.22,85833.58,85800.08,85803.56,7.47637789,85850.86000000,85850.86000000,85813.85000000,85822.43000000,26.01037000,86001.0,86001.0,86000.0,86000.0,6.65833596,85847.95,85847.95,85811.13,85822.45,5.16026385,85850,85850.1,85819.4,85828.7,612633.45355170
2025-12-01 12:29,85803.56,85827.16,85789.81,85821.51,8.82815433,85822.44000000,85835.30000000,85800.00000000,85835.30000000,41.91441000,86000.0,86000.0,86000.0,86000.0,7.13798593,85822.45,85833.55,85800,85830.36,36.05274242,85828.7,85836,85809.8,85835.9,764321.14951770
2025-12-01 12:30,85821.51,85840.28,85798.0,85810.03,7.7421336,85835.30000000,85854.42000000,85819.28000000,85829.88000000,9.00443000,86000.0,86001.0,86000.0,86000.0,2.34420013,85830.36,85851.58,85816.57,85827.28,3.67841175,85837,85854,85828,85831.9,1013381.18484120
2025-12-01 12:31,85810.02,85810.05,85731.01,85746.01,13.42788593,85829.87000000,85830.00000000,85761.07000000,85765.33000000,17.91380000,86000.0,86001.0,85924.0,85924.0,8.03034917,85827.28,85827.91,85758.16,85762.53,9.20599629,85832,85832,85770.1,85770.1,878998.12307290
2025-12-01 12:32,85752.77,85813.99,85715.65,85768.21,10.78147673,85765.33000000,85837.29000000,85750.00000000,85791.01000000,36.43438000,85924.0,85973.0,85910.0,85953.0,0.21255037,85762.53,85833.9,85747.83,85788.96,21.97301584,85770.1,85844.6,85755,85800,1794582.13103960
2025-12-01 12:33,85768.22,85780.11,85682.46,85682.54,9.27431985,85791.01000000,85791.01000000,85700.01000000,85700.01000000,22.53276000,85939.0,85939.0,85883.0,85883.0,0.5464036999999999,85788.96,85788.98,85719.23,85737.45,14.22734154,85800,85800.1,85706.7,85706.7,852232.16521500
2025-12-01 12:34,85682.46,85699.79,85660.21,85688.06,4.00040732,85700.02000000,85720.80000000,85678.37000000,85710.35000000,23.70269000,85883.0,85883.0,85831.0,85833.0,2.15743725,85737.45,85737.45,85676.35,85707.49,16.45764764,85706.7,85717,85689.5,85716.9,1178229.33725440
2025-12-01 12:35,85688.06,85764.04,85688.05,85762.93,5.60705812,85710.34000000,85783.44000000,85710.34000000,85783.44000000,14.45601000,85868.0,85868.0,85865.0,85868.0,1.8654231799999998,85707.49,85776.48,85707.49,85773.69,7.01533314,85716.9,85787.9,85716.9,85787.9,1129177.42282030
2025-12-01 12:36,85761.45,85855.65,85758.76,85841.81,8.46325438,85783.99000000,85877.99000000,85779.74000000,85869.90000000,17.18648000,85868.0,85950.0,85868.0,85950.0,13.73860609,85773.69,85870.59,85773.69,85868.71,6.110349,85790.2,85876.9,85790.2,85872.2,1051568.31027050
2025-12-01 12:37,85841.81,85846.34,85744.14,85754.05,6.40758404,85869.91000000,85869.91000000,85762.66000000,85772.49000000,12.09554000,85959.0,85959.0,85946.0,85946.0,0.0016177700000000001,85868.71,85868.71,85760.28,85770.14,8.17284962,85872.1,85872.1,85775,85776,1034134.72363380
2025-12-01 12:38,85754.05,85819.99,85750.02,85792.04,5.34188414,85772.49000000,85838.86000000,85766.09000000,85814.11000000,11.52380000,85930.0,85949.0,85930.0,85949.0,0.00265413,85770.14,85824.44,85768.33,85807.98,10.3028325,85775.9,85833.8,85775.9,85817,980483.76425840
2025-12-01 12:39,85792.05,85792.05,85712.05,85720.62,4.81626558,85814.11000000,85814.11000000,85745.24000000,85745.82000000,6.07394000,85938.0,85938.0,85904.0,85912.0,0.09723090999999999,85807.98,85812.74,85742.83,85743.41,4.15922846,85817,85817,85752.1,85752.1,824741.83450510
2025-12-01 12:40,85722.03,85728.22,85608.0,85616.02,6.08824157,85745.83000000,85745.83000000,85620.67000000,85626.99000000,18.66777000,85900.0,85900.0,85745.0,85745.0,0.3824358,85743.41,85743.42,85617.94,85624.61,4.33688201,85752.1,85752.1,85627.9,85629.3,1007602.46402070
2025-12-01 12:41,85616.01,85652.54,85563.82,85614.65,23.96373103,85626.99000000,85669.87000000,85587.39000000,85636.76000000,30.99116000,85762.0,85796.0,85730.0,85786.0,0.04403936,85624.61,85667.34,85600,85634.26,20.86414511,85629.2,85671.2,85589,85639.9,2080104.91861060
2025-12-01 12:42,85621.51,85657.11,85436.56,85459.98,33.88889707,85636.75000000,85666.62000000,85430.54000000,85467.20000000,67.48948000,85787.0,85799.0,85521.0,85588.0,2.61230694,85634.26,85664.12,85445.05,85445.05,8.89708116,85640,85671.1,85450.6,85476,1160861.46344520
2025-12-01 12:43,85454.03,85454.03,85385.47,85431.95,28.2193484,85467.21000000,85467.21000000,85400.00000000,85445.93000000,68.95052000,85597.0,85598.0,85553.0,85579.0,0.76965197,85445.05,85451.87,85403.32,85443.11,40.75149344,85475.9,85475.9,85407.4,85449,1063425.03463760
2025-12-01 12:44,85435.19,85473.87,85412.27,85470.0,11.83608549,85445.93000000,85491.21000000,85432.00000000,85484.00000000,73.93071000,85580.0,85710.0,85579.0,85710.0,24.738760290000002,85443.11,85488.7,85433.72,85461.61,35.21554692,85449,85491.6,85440,85483,1168741.90990050
2025-12-01 12:45,85473.85,85498.36,85454.61,85471.11,5.45975867,85483.99000000,85514.00000000,85467.99000000,85484.36000000,22.42317000,85617.0,85820.0,85617.0,85640.0,20.79415005,85461.61,85508.56,85461.61,85481.63,17.46908725,85491.5,85519,85489,85501.1,1800010.15056960
2025-12-01 12:46,85471.11,85471.11,85258.0,85288.0,33.09791462,85484.36000000,85484.36000000,85268.00000000,85307.10000000,87.74599000,85641.0,85641.0,85472.0,85473.0,12.5329935,85481.63,85481.63,85273.28,85315.2,34.25915183,85501,85501.1,85278.3,85311.5,2262053.75503360
2025-12-01 12:47,85289.01,85369.97,85269.8,85300.0,14.98297313,85307.09000000,85395.00000000,85290.00000000,85318.71000000,33.93844000,85472.0,85520.0,85461.0,85462.0,6.66393129,85315.2,85394.28,85287.56,85307.37,12.47923222,85306.1,85387.4,85288.3,85326.6,2126826.68840850
2025-12-01 12:48,85299.99,85323.54,84957.0,84958.94,142.09846346,85318.71000000,85340.36000000,84965.12000000,84965.13000000,303.55568000,85461.0,85478.0,85143.0,85143.0,18.42619795,85307.37,85327.23,84980,84980,28.76539,85326.6,85341.2,84969.3,84969.3,3963375.77105660
2025-12-01 12:49,84957.86,84974.3,84751.31,84803.95,40.03434984,84965.41000000,84984.68000000,84756.20000000,84820.74000000,131.58133000,85126.0,85126.0,84957.0,84957.0,32.13634239,84980,84980,84776.72,84795.82,22.65907185,84969.3,84981,84774,84823.2,2407369.57563780
2025-12-01 12:50,84807.8,85142.12,84722.69,85136.13,27.87797969,84820.75000000,85166.00000000,84756.00000000,85157.45000000,87.79938000,84957.0,85291.0,84930.0,85291.0,15.38335586,84795.82,85160.78,84757.71,85160.78,32.08585394,84823.2,85159.5,84760.1,85159.5,4566291.69882160
2025-12-01 12:51,85136.14,85408.31,85135.42,85301.01,21.54997961,85157.45000000,85432.49000000,85157.44000000,85325.00000000,81.13725000,85291.0,85500.0,85291.0,85454.0,8.84592669,85160.78,85417.12,85160.78,85337.78,37.55367103,85159.4,85423.7,85158.5,85329,3995768.02704750
2025-12-01 12:52,85301.99,85391.7,85301.99,85350.03,8.80205137,85325.01000000,85416.87000000,85325.00000000,85377.06000000,39.33823000,85456.0,85500.0,85456.0,85500.0,0.37078275,85337.78,85421.71,85324.36,85373.07,15.13210878,85329,85415.7,85327.5,85374.9,4046716.20715000
2025-12-01 12:53,85350.03,85434.44,85335.25,85381.46,12.68499898,85377.06000000,85448.81000000,85364.00000000,85406.01000000,76.30277000,85499.0,85600.0,85499.0,85600.0,6.54234344,85373.07,85447.59,85370.63,85435.69,35.81906804,85375,85462.4,85361.3,85410.4,4549107.20851030
2025-12-01 12:54,85381.46,85465.7,85329.34,85383.48,10.0474996,85406.01000000,85492.30000000,85356.42000000,85408.00000000,33.93037000,85533.0,85603.0,85503.0,85504.0,0.52014751,85435.69,85455.12,85357.22,85414.71,7.23147595,85410.4,85484.3,85359.3,85413.1,4712447.57261640
2025-12-01 12:55,85383.48,85414.34,85215.91,85231.32,6.41693611,85407.99000000,85429.72000000,85244.68000000,85253.02000000,22.18917000,85539.0,85540.0,85400.0,85401.0,0.49354326,85414.71,85420.71,85246.02,85246.02,5.15172143,85413.1,85421.7,85250.3,85250.3,3203766.99100110
2025-12-01 12:56,85232.55,85355.93,85232.55,85233.56,3.13645878,85253.03000000,85386.51000000,85253.03000000,85259.98000000,28.30923000,85397.0,85511.0,85397.0,85400.0,5.35505424,85246.02,85374.84,85246.02,85282.41,15.28332926,85250.4,85377,85250.4,85271.4,2960299.07648190
2025-12-01 12:57,85233.56,85456.32,85233.56,85423.85,14.99861317,85259.98000000,85466.08000000,85258.26000000,85448.36000000,31.08111000,85391.0,85553.0,85391.0,85553.0,0.22395358,85282.41,85461.23,85261.25,85442.76,9.2336568,85268.1,85468.1,85268,85453.2,3234741.92843930
2025-12-01 12:58,85423.84,85500.0,85408.6,85478.76,8.43645271,85448.36000000,85537.70000000,85430.93000000,85506.07000000,49.56876000,85553.0,85613.0,85553.0,85613.0,0.22654322999999998,85442.76,85531.95,85442.76,85503.19,15.83612741,85453.2,85522.3,85439.5,85509.2,2889351.49516150
2025-12-01 12:59,85479.99,85515.69,85374.0,85407.03,9.97939572,85506.06000000,85536.68000000,85416.02000000,85430.64000000,27.02969000,85613.0,85620.0,85596.0,85596.0,0.22858869,85503.19,85535.69,85413.33,85428,15.77486488,85509.3,85535.3,85419.7,85426.9,2611673.71912950
2025-12-01 13:00,85402.74,85443.53,85339.11,85385.48,6.83225211,85430.64000000,85463.62000000,85361.70000000,85408.94000000,16.04424000,85541.0,85575.0,85496.0,85547.0,0.5866739400000001,85428,85460.93,85371.52,85456.58,7.82632577,85426.9,85461.7,85370.5,85404.4,1746818.89471210
2025-12-01 13:01,85385.86,85629.25,85326.01,85600.0,34.58240114,85408.93000000,85653.10000000,85350.00000000,85632.76000000,55.81721000,85534.0,85750.0,85497.0,85750.0,0.46095717999999997,85456.58,85650.76,85349.9,85633.64,25.70184483,85404.4,85653.9,85357,85629.6,1890805.94978170
2025-12-01 13:02,85603.2,85917.91,85581.62,85866.0,20.82289049,85632.76000000,85942.83000000,85612.24000000,85895.73000000,70.62392000,85750.0,86000.0,85750.0,86000.0,1.38008246,85633.64,85931.1,85629.27,85899.46,17.07013503,85629.6,85950.4,85612.3,85894.4,1730617.44971510
2025-12-01 13:03,85866.0,86084.27,85801.11,86012.02,25.80506474,85895.74000000,86109.76000000,85831.81000000,86040.49000000,76.08769000,85999.0,86210.0,85949.0,86147.0,30.14228608,85899.46,86114.13,85847.71,86076.23,28.6749706,85896.4,86106.1,85835,86038,1650776.15911900
2025-12-01 13:04,86012.02,86114.52,85895.0,85910.01,8.49428433,86040.50000000,86166.43000000,85923.54000000,85925.75000000,78.61819000,86168.0,86236.0,86060.0,86060.0,0.52710721,86076.23,86141.64,85928.11,85934.2,48.4292088,86038.1,86136.3,85921.5,85929.5,1330428.81864750
2025-12-01 13:05,85895.02,85983.91,85804.0,85804.0,6.87030192,85925.74000000,86005.99000000,85832.31000000,85832.31000000,23.23899000,86092.0,86092.0,85934.0,85934.0,0.52474619,85934.2,86012.28,85836.48,85844.7,8.32344921,85929.5,86010.2,85838.6,85838.8,2747447.83224540
2025-12-01 13:06,85803.75,85853.67,85739.51,85789.91,11.66581671,85832.31000000,85874.00000000,85766.95000000,85812.99000000,28.30187000,85934.0,85972.0,85901.0,85950.0,0.43630798,85844.7,85875.04,85775.59,85809.19,16.69002248,85838.7,85868.8,85774.3,85809.9,2926061.33204030
2025-12-01 13:07,85789.59,85952.23,85789.59,85939.7,8.10061948,85813.00000000,85965.60000000,85813.00000000,85963.15000000,23.93414000,86002.0,86045.0,86002.0,86045.0,0.21576551,85809.19,85964.22,85809.19,85964.22,9.02690397,85811,85969,85811,85961.9,2887287.73460850
2025-12-01 13:08,85939.7,86047.49,85939.7,86001.31,16.95448693,85963.15000000,86075.41000000,85963.15000000,86030.00000000,26.13842000,86045.0,86176.0,86045.0,86116.0,0.44858781,85964.22,86076.43,85964.22,86044.29,12.10713177,85964,86075.7,85964,86035.2,2715926.74950830
2025-12-01 13:09,86001.32,86086.0,85989.76,86048.8,12.24354406,86030.00000000,86108.93000000,86015.07000000,86080.14000000,16.36724000,86124.0,86215.0,86123.0,86215.0,0.47892182,86044.29,86106.09,86036.97,86106.08,23.4617218,86035.3,86107.7,86010.2,86078.4,2798268.15637870
2025-12-01 13:10,86048.8,86048.8,85904.0,85904.03,13.32199506,86080.13000000,86080.13000000,85924.92000000,85935.31000000,38.12198000,86151.0,86151.0,86027.0,86027.0,0.40492783,86106.08,86106.08,85926.59,85938.29,22.15292954,86078.4,86078.5,85929.2,85929.3,1116785.01060070
2025-12-01 13:11,85904.03,85987.54,85878.11,85884.01,12.869345,85935.31000000,86010.09000000,85906.00000000,85911.37000000,15.94913000,86028.0,86126.0,86012.0,86017.0,0.39096179,85938.29,86007.55,85916.03,85916.04,9.00609129,85929.3,86001,85903.6,85908.5,1255888.42082770
2025-12-01 13:12,85881.99,85993.6,85881.97,85955.11,11.27568231,85911.37000000,86015.50000000,85911.37000000,85982.43000000,15.27709000,86020.0,86099.0,86020.0,86099.0,0.32216737,85916.04,86014.9,85916.04,85996.79,12.4650777,85908.6,86010,85908.6,85984.5,1169165.68708770
2025-12-01 13:13,85955.11,86008.89,85928.16,85961.79,14.16598522,85982.43000000,86026.75000000,85949.50000000,85987.33000000,8.07816000,86099.0,86099.0,86065.0,86066.0,0.20654060000000002,85996.79,86025.72,85952.53,85972.99,7.26385433,85984.5,86019,85953,85985.9,1148327.77162390
2025-12-01 13:14,85961.79,86055.42,85961.78,86055.42,10.46278076,85987.33000000,86084.00000000,85987.33000000,86084.00000000,9.88336000,86091.0,86145.0,86091.0,86145.0,0.42628065,85972.99,86050,85972.99,86050,6.07337467,85985.8,86077.6,85985.8,86077.6,1179884.05343760
2025-12-01 13:15,86059.05,86129.79,86041.29,86114.6,27.66132369,86084.00000000,86148.20000000,86060.80000000,86133.34000000,22.81393000,86160.0,86263.0,86160.0,86227.0,0.48459237,86050,86133,86050,86133,12.5499193,86077.6,86154.5,86071,86140.1,1202872.37945190
2025-12-01 13:16,86114.59,86114.59,86035.95,86105.25,18.00816652,86133.34000000,86135.22000000,86050.04000000,86135.21000000,12.42448000,86206.0,86235.0,86176.0,86235.0,0.41386923,86133,86134.19,86058.49,86134.18,4.61074337,86140,86140.1,86051.2,86132,1271197.11225190
2025-12-01 13:17,86105.24,86105.25,85942.91,86038.67,25.59853065,86135.22000000,86135.22000000,85954.03000000,86059.73000000,27.59947000,86234.0,86234.0,86085.0,86186.0,0.29105768,86134.18,86134.18,85964.28,86069.39,12.54324895,86132,86134,85963.8,86068,1196558.47792070
2025-12-01 13:18,86038.67,86055.22,85960.02,85962.81,15.39101897,86059.73000000,86074.84000000,85978.33000000,85978.33000000,11.16103000,86160.0,86160.0,86129.0,86129.0,0.18750539,86069.39,86081.54,85992.03,86000.7,13.68008667,86068,86076.8,85989.3,85989.3,971269.86527360
2025-12-01 13:19,85960.01,85963.83,85911.83,85924.31,10.30152455,85978.32000000,85978.49000000,85931.22000000,85944.99000000,8.34764000,86105.0,86105.0,86065.0,86065.0,0.36913677,86000.7,86000.7,85933.91,85953.74,3.79405973,85985.2,85985.2,85935.5,85953.1,946372.29382220
2025-12-01 13:20,85924.31,86032.1,85924.31,86030.3,16.40161093,85945.00000000,86058.94000000,85945.00000000,86058.93000000,25.96238000,86094.0,86150.0,86080.0,86107.0,0.50216837,85953.74,86061.54,85947.84,86061.32,12.70620864,85953,86057,85953,86056.9,1197598.22759930
2025-12-01 13:21,86030.3,86060.99,85912.75,85913.4,9.12435767,86058.94000000,86073.22000000,85931.34000000,85933.32000000,8.20791000,86160.0,86162.0,86051.0,86053.0,0.90945546,86061.32,86061.41,85935.3,85935.3,11.9292547,86057,86065.4,85946,85946.1,933151.69626230
2025-12-01 13:22,85913.41,85985.99,85913.41,85984.14,5.81144148,85933.32000000,86010.92000000,85933.31000000,86010.92000000,8.50841000,86087.0,86087.0,86087.0,86087.0,0.2213784,85935.3,86013.29,85935.3,86013.2,5.31363351,85946,86007.3,85946,86007.2,894565.05664450
2025-12-01 13:23,85984.21,86021.67,85951.26,86018.1,6.0510251,86010.91000000,86047.33000000,85973.34000000,86044.81000000,8.53701000,86083.0,86151.0,86083.0,86151.0,0.5171612,86013.2,86049.26,85975.47,86046.76,3.35429645,86007.3,86034.8,85979,86034.8,892846.97734240
2025-12-01 13:24,86018.1,86029.83,85917.69,85920.72,5.77055446,86044.82000000,86044.82000000,85940.25000000,85940.25000000,6.68102000,86132.0,86132.0,85962.0,86053.0,12.30425186,86046.76,86046.76,85939.23,85939.48,5.6950794,86034.8,86042.9,85946,85946.1,1461855.68483740
2025-12-01 13:25,85918.26,85967.94,85908.91,85908.91,5.75634424,85940.26000000,85985.81000000,85931.07000000,85931.07000000,10.44702000,86092.0,86096.0,86040.0,86040.0,0.3717491,85939.48,85982.52,85929.07,85929.09,6.46665227,85946,85980,85938,85938.1,1203036.60404740
2025-12-01 13:26,85908.91,86016.9,85908.9,86016.9,5.33459462,85931.08000000,86036.40000000,85931.07000000,86036.40000000,11.37969000,86040.0,86100.0,85982.0,86100.0,5.20918844,85929.09,86035.61,85929.09,86035.61,7.19793522,85938,86032.8,85931,86032.8,818349.40048990
2025-12-01 13:27,86009.02,86009.02,85954.86,85960.01,8.02793631,86038.00000000,86050.00000000,85970.87000000,85970.87000000,6.87246000,86130.0,86153.0,86086.0,86087.0,0.9176240800000001,86035.61,86048.06,85987.9,85987.9,2.83241618,86037,86041,85983.6,85983.6,818365.43973230
2025-12-01 13:28,85951.25,85978.2,85943.54,85966.07,5.34922522,85970.86000000,85994.99000000,85964.00000000,85991.23000000,3.75674000,86088.0,86095.0,86075.0,86095.0,0.00821703,85987.9,85994.36,85962.04,85989.3,3.15813517,85972.3,85993.6,85966,85986.9,889469.13259490
2025-12-01 13:29,85966.07,85989.31,85963.88,85970.8,3.27217996,85991.24000000,86009.70000000,85988.00000000,85994.00000000,6.18549000,86096.0,86096.0,86084.0,86092.0,0.60775747,85989.3,86006.54,85985.99,86000,2.16021301,85987,86003.1,85987,85999.9,920472.02651490
2025-12-01 13:30,85968.55,85993.6,85925.01,85982.05,9.7176905,85993.71000000,86017.33000000,85939.26000000,86006.75000000,8.33252000,86097.0,86097.0,86035.0,86080.0,0.24275338999999999,86000,86015.29,85939.05,86004.33,6.6501889,85999.9,86013,85946.5,85998.4,601947.43944630
2025-12-01 13:31,85982.04,85993.59,85835.75,85835.75,8.85788249,86006.75000000,86017.93000000,85858.01000000,85858.34000000,13.01361000,86075.0,86075.0,85990.0,85991.0,0.62697257,86004.33,86004.35,85862.57,85868.33,3.43373861,85998.5,86013,85855.7,85857.7,668958.46141150
2025-12-01 13:32,85835.76,85852.09,85758.47,85776.9,14.83041914,85858.34000000,85876.87000000,85784.03000000,85794.36000000,31.22848000,85990.0,85990.0,85892.0,85892.0,0.0265855,85868.33,85868.33,85780.54,85781.18,18.89584353,85857.7,85876.1,85789.5,85792,801985.82451320
2025-12-01 13:33,85776.89,85840.83,85725.03,85839.94,22.89754587,85794.36000000,85860.00000000,85753.04000000,85855.24000000,42.36217000,85885.0,85936.0,85872.0,85936.0,1.05536824,85781.18,85841.28,85765.69,85841.26,27.21522686,85792,85866.4,85767.8,85851.9,707209.27630760
2025-12-01 13:34,85839.95,85893.5,85744.0,85771.09,16.56441437,85855.24000000,85911.71000000,85767.57000000,85784.14000000,14.94346000,85939.0,85989.0,85878.0,85878.0,0.57772596,85841.26,85901.73,85775.96,85775.96,3.60568552,85852,85918.5,85765.8,85776.9,621811.23194810
2025-12-01 13:35,85775.91,85835.35,85731.81,85827.13,4.51546372,85784.15000000,85836.00000000,85750.00000000,85835.99000000,13.13803000,85891.0,85950.0,85872.0,85926.0,1.0663592,85775.96,85833.18,85746.09,85833.18,14.40944664,85779,85837.1,85753.5,85837.1,1060680.31158500
2025-12-01 13:36,85827.13,85916.59,85820.01,85907.54,8.7489513,85835.99000000,85931.20000000,85835.99000000,85925.79000000,11.37906000,85970.0,86029.0,85970.0,86016.0,0.41682347,85833.18,85928.33,85833.18,85922.95,5.06682713,85837,85926,85837,85923,1077656.49867190
2025-12-01 13:37,85907.54,85908.81,85824.91,85835.72,7.66105701,85925.80000000,85925.80000000,85849.00000000,85853.57000000,10.62464000,85983.0,86025.0,85967.0,85967.0,0.33251833000000003,85922.95,85922.95,85849.85,85857.25,4.1999873,85923,85923,85852,85854.9,1172100.74848100
2025-12-01 13:38,85835.72,85858.54,85808.8,85808.82,2.80550394,85853.57000000,85884.02000000,85825.75000000,85825.75000000,9.64430000,85968.0,85968.0,85934.0,85953.0,1.18106193,85857.25,85868.18,85825.95,85825.95,4.95926183,85854.9,85881.8,85830.9,85837,1195150.24756370
2025-12-01 13:39,85808.82,85808.82,85704.86,85721.99,11.02818511,85825.75000000,85825.75000000,85724.71000000,85739.70000000,15.28433000,85949.0,85949.0,85860.0,85860.0,0.18071596,85825.95,85825.95,85721.91,85738.92,14.71086152,85837,85837,85726.6,85733.8,1127229.54697960
2025-12-01 13:40,85718.69,85742.07,85658.67,85696.11,6.17102641,85739.70000000,85753.54000000,85671.76000000,85714.01000000,11.18275000,85852.0,85852.0,85803.0,85811.0,0.41397166,85738.92,85738.92,85682.99,85698.72,4.25597967,85733.8,85748.2,85685.6,85709,1073038.79544990
2025-12-01 13:41,85696.11,85801.09,85696.11,85788.9,5.16072619,85714.26000000,85826.29000000,85714.26000000,85811.48000000,8.53228000,85795.0,85923.0,85795.0,85923.0,0.56135084,85698.72,85810.65,85698.72,85810.65,4.3764443,85709.8,85816.5,85709.8,85816.4,1052306.70814930
2025-12-01 13:42,85788.91,85814.23,85720.26,85766.99,4.36165585,85811.48000000,85823.71000000,85735.47000000,85789.04000000,7.47508000,85892.0,85893.0,85867.0,85872.0,0.55577997,85810.65,85810.65,85742.78,85786.33,6.48248384,85816.4,85827,85744,85781,714316.17305870
2025-12-01 13:43,85770.3,85790.0,85747.95,85774.15,3.82813043,85789.03000000,85813.11000000,85772.00000000,85791.97000000,4.64087000,85899.0,85916.0,85890.0,85890.0,0.54703452,85786.33,85810.49,85771.02,85791.27,4.03383494,85781,85804,85775,85786,815420.99795530
2025-12-01 13:44,85774.15,85858.52,85758.32,85766.03,7.10217253,85791.97000000,85876.88000000,85773.29000000,85790.44000000,13.15134000,85905.0,85960.0,85901.0,85901.0,0.2178094,85791.27,85858.71,85772.69,85780.85,4.61435492,85793.9,85872.9,85780,85781,745193.07694090
2025-12-01 13:45,85766.45,85793.14,85751.06,85772.78,6.64604427,85790.45000000,85809.99000000,85770.45000000,85793.02000000,8.12865000,85901.0,85919.0,85901.0,85919.0,0.28919622,85780.85,85808.33,85769.71,85791.96,7.7132136,85782,85802.6,85768.7,85797,875666.44158260
2025-12-01 13:46,85773.21,85804.52,85724.13,85792.0,10.08454786,85793.03000000,85823.05000000,85749.09000000,85809.33000000,8.62922000,85901.0,85930.0,85852.0,85923.0,0.55657014,85791.96,85819.01,85748.91,85808.05,2.22551138,85797,85812.2,85751.7,85807,802583.87243790
2025-12-01 13:47,85792.0,85801.1,85724.12,85784.03,11.79982495,85809.33000000,85825.60000000,85749.08000000,85803.88000000,18.07307000,85916.0,85916.0,85852.0,85895.0,0.38822413,85808.05,85819.02,85747.79,85802.61,13.40689635,85807.1,85820.2,85749,85805,635214.11425200
2025-12-01 13:48,85784.03,85793.61,85721.01,85765.61,10.58043026,85803.87000000,85813.60000000,85744.04000000,85785.21000000,5.89374000,85924.0,85924.0,85877.0,85877.0,0.40037928,85802.61,85812.23,85742.64,85744.3,3.06618066,85805.1,85806,85749,85778.9,662499.61247910
2025-12-01 13:49,85765.61,85804.95,85765.61,85773.57,5.53419804,85785.20000000,85813.59000000,85785.20000000,85790.25000000,7.00141000,85909.0,85909.0,85905.0,85909.0,0.24165843,85744.3,85812,85744.3,85788.56,4.94104673,85778.9,85812,85778.9,85787.4,610848.79013260
2025-12-01 13:50,85771.97,85789.99,85717.07,85789.69,16.7693637,85790.25000000,85805.22000000,85740.01000000,85805.22000000,13.26764000,85878.0,85889.0,85869.0,85889.0,0.43359686999999997,85788.56,85803.58,85740.05,85803.58,3.59681752,85787.4,85804.5,85738.6,85804.5,864578.83722300
2025-12-01 13:51,85789.69,85944.64,85739.51,85924.56,10.41624887,85805.21000000,85962.89000000,85756.36000000,85945.19000000,16.06449000,85880.0,86050.0,85880.0,86050.0,0.40075721,85803.58,85949.71,85765.74,85949.71,7.88616618,85804.5,85965.8,85762,85951.5,730860.69787360
2025-12-01 13:52,85924.55,85981.78,85913.01,85951.99,7.59660614,85945.19000000,86000.00000000,85942.07000000,85965.79000000,23.39229000,86060.0,86080.0,86060.0,86078.0,0.3786683,85949.71,85997.95,85941.48,85967.56,13.22655328,85951.5,86003.1,85940.3,85958,1144880.56347570
2025-12-01 13:53,85954.53,86090.72,85954.53,86085.9,7.59929451,85965.78000000,86109.45000000,85965.78000000,86109.45000000,26.14006000,86086.0,86209.0,86086.0,86199.0,0.39923348,85967.56,86105.16,85967.56,86102.47,9.22988206,85958,86103,85958,86103,873660.41775930
2025-12-01 13:54,86090.7,86099.96,86001.31,86004.07,4.69134496,86109.46000000,86111.17000000,86018.57000000,86021.37000000,18.58819000,86204.0,86216.0,86153.0,86154.0,0.93140516,86102.47,86102.47,86018.79,86018.79,24.96940906,86104,86109,86019.6,86019.7,592552.57297230
2025-12-01 13:55,86004.06,86004.07,85868.0,85918.0,7.45525152,86021.36000000,86021.37000000,85890.19000000,85934.26000000,11.13360000,86153.0,86153.0,86025.0,86036.0,0.278312,86018.79,86018.79,85897.16,85922.21,4.3788249,86019.6,86019.6,85897.5,85927,1320977.94644260
2025-12-01 13:56,85916.0,85961.99,85910.01,85921.98,9.93329011,85934.26000000,85975.92000000,85927.78000000,85942.24000000,8.94879000,86084.0,86085.0,86052.0,86052.0,0.18121558,85922.21,85971.42,85922.21,85942.54,7.06501856,85926.9,85973.6,85926.9,85939.9,1281050.50605570
2025-12-01 13:57,85921.27,85977.76,85920.46,85956.15,3.68696115,85942.24000000,85985.07000000,85939.93000000,85969.99000000,6.55442000,86061.0,86092.0,86061.0,86088.0,0.54018178,85942.54,85985.38,85942.54,85970.31,3.25381617,85940,85977.9,85940,85969.4,1402724.44713430
2025-12-01 13:58,85956.15,86029.83,85956.15,85993.45,5.59688048,85969.98000000,86039.46000000,85969.98000000,86010.52000000,15.85944000,86097.0,86149.0,86097.0,86130.0,0.6411878799999999,85970.31,86040.28,85970.31,86010.05,9.69469274,85973.6,86037.6,85973.6,86011.8,1207558.44162070
2025-12-01 13:59,85993.45,85998.4,85957.96,85970.5,4.64527189,86010.52000000,86010.52000000,85985.14000000,85986.85000000,13.48130000,86127.0,86127.0,86127.0,86127.0,0.00011751,86010.05,86010.05,85984.68,85986.38,9.23168698,86011.9,86011.9,85984.3,85989,1114399.33147190
2025-12-01 14:00,85970.23,86013.09,85948.39,85997.97,3.66111218,85986.85000000,86030.16000000,85980.00000000,86019.85000000,8.59492000,86107.0,86170.0,86098.0,86146.0,0.37508734,85986.38,86029.78,85979.53,86029.74,5.49568855,85989.1,86024.5,85980.6,86020,902376.48847150
2025-12-01 14:01,85997.96,86043.65,85982.01,86033.92,5.26609509,86019.85000000,86060.00000000,86010.87000000,86051.92000000,7.60248000,86130.0,86154.0,86130.0,86142.0,0.34889927,86029.74,86059.97,86019.94,86044.84,3.60382,86020,86054.3,86014,86043.3,901418.83011480
2025-12-01 14:02,86033.92,86051.86,85943.55,86034.86,10.95854166,86051.91000000,86065.74000000,85966.03000000,86056.57000000,16.28398000,86146.0,86161.0,86146.0,86161.0,0.22315045,86044.84,86060.91,85965.75,86047.73,3.3783811,86045,86061.2,85966.9,86048,1081789.03228800
2025-12-01 14:03,86036.57,86109.49,86020.55,86069.97,10.1241666,86056.57000000,86126.61000000,86044.00000000,86090.53000000,22.32267000,86169.0,86243.0,86169.0,86243.0,0.68809182,86047.73,86116.61,86045.52,86089.84,12.9352273,86049.8,86122.3,86040.9,86092.1,1308233.87872550
2025-12-01 14:04,86069.97,86294.51,86069.97,86249.97,22.3867517,86090.52000000,86315.58000000,86090.52000000,86268.00000000,44.15953000,86236.0,86396.0,86236.0,86387.0,0.69350433,86089.84,86309.56,86089.76,86285.56,18.13333477,86092,86309.9,86092,86273.2,1260001.75650820
2025-12-01 14:05,86248.03,86250.54,86030.1,86030.1,9.53452666,86268.00000000,86271.70000000,86053.97000000,86053.97000000,33.45607000,86339.0,86339.0,86212.0,86221.0,0.19000092,86285.56,86285.56,86069.17,86069.17,24.63034357,86273.1,86273.2,86052,86052,1249347.00792660
2025-12-01 14:06,86027.15,86127.09,86027.15,86077.08,6.5431252,86053.97000000,86147.24000000,86053.97000000,86101.16000000,18.31948000,86218.0,86247.0,86218.0,86247.0,0.22246715,86069.17,86148.7,86061.18,86099.41,6.23903157,86052,86142.3,86052,86095.4,1069343.36861980
2025-12-01 14:07,86080.85,86101.44,85982.59,85997.4,5.2220645,86101.17000000,86112.00000000,86007.33000000,86017.21000000,7.76292000,86205.0,86205.0,86152.0,86152.0,0.17720306,86099.41,86114.04,86013.2,86022.71,16.92853338,86095.5,86106,86015.6,86015.6,1245477.49035870
2025-12-01 14:08,85997.38,86073.73,85982.06,86055.22,3.88811905,86017.21000000,86091.55000000,86007.34000000,86077.45000000,18.37904000,86152.0,86186.0,86152.0,86179.0,0.45195815,86022.71,86094.42,86013.19,86077.25,3.5437812,86015.6,86088,86011.7,86069,1209751.28459600
2025-12-01 14:09,86055.22,86258.13,86055.22,86250.44,15.17287496,86077.44000000,86267.00000000,86077.44000000,86261.51000000,53.87773000,86168.0,86386.0,86168.0,86343.0,0.84619683,86077.25,86267.04,86077.25,86239.4,32.90476359,86069,86276,86069,86262.3,1557491.87404590
2025-12-01 14:10,86245.96,86253.99,86186.93,86229.58,19.11689426,86261.51000000,86266.75000000,86214.72000000,86247.90000000,27.45748000,86368.0,86380.0,86351.0,86351.0,0.39127611,86239.4,86265.63,86217.6,86254.27,10.76208663,86262.3,86263.1,86215,86247,1123963.33787040
2025-12-01 14:11,86220.76,86220.76,86124.51,86169.94,14.04088662,86247.89000000,86247.89000000,86140.00000000,86187.25000000,33.17730000,86342.0,86342.0,86261.0,86279.0,0.53884607,86254.27,86254.27,86142.05,86189.43,47.33500463,86246.9,86246.9,86144.8,86181.8,785146.12302110
2025-12-01 14:12,86169.94,86314.0,86169.94,86301.68,27.7143892,86187.25000000,86333.28000000,86187.24000000,86316.25000000,30.62437000,86286.0,86429.0,86286.0,86429.0,0.33426788999999996,86189.43,86332.2,86189.42,86319.05,9.75579317,86181.8,86327.1,86181.8,86321,1069915.92247960
2025-12-01 14:13,86301.69,86309.45,86226.52,86251.56,11.79299289,86316.25000000,86325.87000000,86252.00000000,86263.23000000,14.26527000,86428.0,86428.0,86398.0,86398.0,0.40041908,86319.05,86331.69,86249.7,86266.08,28.62605334,86321,86327.1,86253.5,86270,983479.24664740
2025-12-01 14:14,86251.56,86259.01,86189.96,86227.05,13.57731407,86263.22000000,86263.23000000,86201.54000000,86237.47000000,10.94878000,86398.0,86398.0,86363.0,86363.0,0.00155317,86266.08,86266.09,86204.4,86240.23,9.39189226,86270,86270.1,86206.4,86232.5,1068242.61719360
2025-12-01 14:15,86227.05,86247.57,86120.51,86151.48,15.40711892,86237.47000000,86255.59000000,86124.40000000,86158.55000000,21.69432000,86378.0,86378.0,86271.0,86296.0,1.63040834,86240.23,86255.42,86135.14,86164.18,10.22319736,86232.5,86254.6,86127.7,86164.9,1383622.96191970
2025-12-01 14:16,86151.47,86160.43,86051.61,86058.02,7.58484401,86158.56000000,86167.74000000,86063.22000000,86069.75000000,22.45597000,86293.0,86293.0,86201.0,86201.0,0.19289899,86164.18,86168.03,86063.3,86069.85,7.2805204,86164.9,86165,86068,86069,1312292.10801440
2025-12-01 14:17,86056.01,86064.06,85960.48,85962.8,13.86097772,86069.76000000,86069.76000000,85961.29000000,85961.30000000,28.02449000,86200.0,86200.0,86117.0,86117.0,0.58608818,86069.85,86069.85,85968.85,85968.85,25.40785966,86069,86070,85974.2,85974.2,1177381.67929100
2025-12-01 14:18,85958.96,86060.0,85958.95,86057.82,15.28369698,85961.30000000,86069.06000000,85961.29000000,86069.05000000,10.26915000,86113.0,86190.0,86113.0,86190.0,0.8153053,85968.85,86068.54,85961.04,86068.53,6.94818989,85974,86065,85968.7,86065,1451021.65386640
2025-12-01 14:19,86057.83,86109.18,86026.05,86109.18,8.136238,86069.05000000,86122.00000000,86036.34000000,86122.00000000,6.55721000,86187.0,86204.0,86187.0,86204.0,0.00450348,86068.53,86115.75,86036.67,86115.67,3.85421717,86066,86116.3,86045,86116.3,1723024.62987260
2025-12-01 14:20,86112.28,86124.0,86063.7,86063.7,8.99379436,86122.00000000,86136.46000000,86081.41000000,86081.42000000,9.92745000,86220.0,86243.0,86220.0,86243.0,0.33902463,86115.67,86121.37,86089.22,86089.39,3.85238287,86124.1,86134.4,86089.1,86089.1,368613.97144890
2025-12-01 14:21,86063.7,86093.78,86043.65,86077.41,5.11410624,86081.42000000,86108.63000000,86058.38000000,86090.56000000,7.47619000,86229.0,86229.0,86198.0,86198.0,0.01087855,86089.39,86102.78,86067.96,86098.88,5.83958948,86089,86097,86058.1,86096.9,115376.69155240
2025-12-01 14:22,86077.41,86168.33,86077.41,86157.95,6.63794678,86090.55000000,86176.64000000,86090.55000000,86176.64000000,5.74139000,86223.0,86275.0,86223.0,86275.0,0.41449995,86098.88,86175.6,86094.81,86175.47,3.56850646,86097,86169.5,86096.9,86169.5,77944.99907930
2025-12-01 14:23,86157.96,86157.96,86067.44,86067.44,10.30572433,86176.63000000,86176.64000000,86084.27000000,86084.27000000,10.23691000,86249.0,86269.0,86216.0,86217.0,0.75656621,86175.47,86175.48,86089.22,86089.22,5.71479033,86169.4,86169.4,86085,86085,222876.55311240
2025-12-01 14:24,86066.76,86086.0,86051.6,86078.89,6.44329358,86084.27000000,86093.11000000,86065.89000000,86093.11000000,6.63795000,86208.0,86218.0,86208.0,86218.0,0.57561825,86089.22,86091.85,86075.52,86091.77,4.34039435,86084,86087,86075,86087,125977.77680210
2025-12-01 14:25,86078.9,86149.28,86027.33,86149.28,19.73501449,86093.11000000,86155.19000000,86041.06000000,86152.84000000,18.94023000,86222.0,86222.0,86194.0,86194.0,0.22446514999999997,86091.77,86156.81,86040.83,86152.62,10.77590331,86087,86155.2,86049.3,86155.2,761405.03632660
2025-12-01 14:26,86149.29,86173.87,86116.81,86169.57,11.73371422,86152.84000000,86176.37000000,86128.04000000,86176.37000000,5.54509000,86271.0,86272.0,86249.0,86272.0,1.0697624399999999,86152.62,86176.31,86127.86,86176.31,3.11583825,86155.2,86176.7,86134.5,86176.7,530706.90461200
2025-12-01 14:27,86168.03,86222.54,86146.83,86210.87,17.3714773,86176.36000000,86220.00000000,86153.50000000,86215.65000000,10.95779000,86272.0,86280.0,86271.0,86280.0,10.66536048,86176.31,86219.93,86156.72,86211.59,6.97438332,86176.6,86217.2,86161,86209.2,722323.21450980
2025-12-01 14:28,86211.72,86270.79,86211.72,86254.76,11.61854521,86215.64000000,86278.61000000,86215.64000000,86260.34000000,5.32349000,86300.0,86400.0,86300.0,86385.0,0.23034617,86211.59,86279.09,86211.59,86252.66,3.21525452,86210.4,86276,86210.4,86256.1,616889.57433370
2025-12-01 14:29,86252.05,86266.46,86234.23,86234.23,11.07188667,86260.34000000,86266.28000000,86244.00000000,86244.01000000,10.38692000,86368.0,86380.0,86368.0,86380.0,0.38415561,86252.66,86266.93,86250.67,86254.15,4.36447995,86256.1,86263,86253.5,86253.5,655582.01645120
2025-12-01 14:30,86234.23,86324.04,86158.01,86289.14,34.54098564,86244.01000000,86325.90000000,86163.99000000,86304.50000000,47.76187000,86367.0,86388.0,86311.0,86388.0,0.61211845,86254.15,86291.98,86175.24,86291.98,5.29670589,86247.1,86323.3,86169.9,86298,1012424.40292270
2025-12-01 14:31,86298.01,86314.03,85943.55,85943.55,14.21847253,86304.50000000,86317.88000000,85949.49000000,85949.51000000,32.67633000,86344.0,86344.0,86110.0,86110.0,5.4646312,86291.98,86300,85962.71,85962.71,4.04094622,86308.6,86319.8,85952.9,85952.9,1178020.82373710
2025-12-01 14:32,85941.06,86134.33,85899.0,86110.19,27.46153299,85949.51000000,86145.25000000,85903.93000000,86128.00000000,136.17536000,86104.0,86285.0,86046.0,86285.0,0.61828208,85962.71,86145.11,85929.16,86145.11,4.59453752,85952.9,86143.6,85910.3,86141,1068459.71745730
2025-12-01 14:33,86110.19,86341.39,86055.21,86321.02,19.453972,86128.00000000,86371.62000000,86068.36000000,86337.85000000,41.88315000,86239.0,86469.0,86239.0,86469.0,1.50069388,86145.11,86349.99,86091.99,86339.2,12.34067754,86138,86362.2,86067.7,86335.9,1063093.33039780
2025-12-01 14:34,86321.46,86359.8,86230.03,86314.27,27.9120497,86337.85000000,86364.01000000,86250.71000000,86325.88000000,52.74887000,86378.0,86439.0,86378.0,86406.0,0.17478672,86339.2,86355.07,86255.85,86320,5.27084295,86336,86363.5,86250.2,86328.6,788031.28036770
2025-12-01 14:35,86314.28,86498.99,86314.28,86418.77,39.97179494,86325.87000000,86498.37000000,86325.87000000,86426.06000000,84.30199000,86442.0,86593.0,86442.0,86560.0,11.80946507,86320,86487.71,86320,86427.98,21.86183472,86329.5,86486.5,86324.7,86436.3,2454898.82248070
2025-12-01 14:36,86416.02,86590.15,86411.45,86542.01,30.1011074,86426.06000000,86602.81000000,86418.48000000,86550.00000000,127.14813000,86564.0,86690.0,86564.0,86644.0,0.09427248,86427.98,86570.38,86416.38,86541.77,1.00133209,86436.3,86591.7,86425.3,86547,2508811.85469040
2025-12-01 14:37,86551.46,86666.67,86504.45,86583.91,35.89114048,86550.00000000,86674.00000000,86522.00000000,86598.00000000,34.99649000,86659.0,86754.0,86659.0,86738.0,0.65730247,86541.77,86669.55,86519.41,86556.04,3.73859938,86550.9,86668.9,86524.1,86592.2,2312894.57268390
2025-12-01 14:38,86583.91,86587.71,86413.4,86423.29,31.2079882,86598.01000000,86598.01000000,86431.97000000,86431.97000000,22.50795000,86686.0,86686.0,86592.0,86592.0,20.2835359,86556.04,86586.77,86428.7,86428.72,24.5261142,86592.2,86592.2,86420.3,86423,2505025.61978750
2025-12-01 14:39,86423.29,86463.71,86368.04,86384.12,14.28735482,86431.97000000,86479.99000000,86385.56000000,86410.00000000,21.65603000,86570.0,86570.0,86530.0,86548.0,0.15538452,86428.72,86465.87,86382.89,86443.36,7.5843301,86423,86463,86386,86406.7,2757206.99036980
2025-12-01 14:40,86384.11,86433.99,86252.99,86253.49,16.89248,86410.01000000,86448.00000000,86264.00000000,86273.37000000,17.93254000,86540.0,86551.0,86386.0,86386.0,0.54248084,86443.36,86443.36,86266.27,86270.58,16.69300524,86406.7,86448,86266.3,86269,2111287.60085730
2025-12-01 14:41,86253.5,86259.38,86094.71,86186.13,13.66239349,86273.37000000,86273.38000000,86116.08000000,86203.29000000,71.56551000,86390.0,86391.0,86267.0,86329.0,0.40170437,86270.58,86270.58,86113.24,86233.38,6.84551402,86268.9,86269,86114.5,86206.5,2474400.25462320
2025-12-01 14:42,86186.1,86186.1,86060.3,86129.92,14.03515864,86203.28000000,86203.28000000,86072.81000000,86149.49000000,23.58585000,86286.0,86286.0,86234.0,86236.0,0.31792506,86233.38,86233.38,86073.81,86116.76,8.95371536,86206.4,86206.4,86082.3,86138.6,2139388.72369880
2025-12-01 14:43,86128.84,86182.72,85955.4,85977.98,15.18157745,86149.48000000,86194.97000000,85979.45000000,85995.05000000,22.42620000,86259.0,86314.0,86113.0,86186.0,0.60489514,86116.76,86192.24,85981.73,86001.69,6.47096105,86138.6,86191.7,85986.7,85994.1,2202545.64656150
2025-12-01 14:44,85972.12,86108.55,85958.96,86034.07,12.80728789,85995.04000000,86105.88000000,85983.11000000,86054.68000000,28.39954000,86140.0,86201.0,86140.0,86179.0,0.26880413000000003,86001.69,86089.56,85980.57,86052.6,24.58971042,85994.1,86106.2,85986.7,86057.1,2286177.73751620
2025-12-01 14:45,86034.07,86116.0,85917.47,86110.71,12.59223287,86054.68000000,86128.09000000,85958.30000000,86128.09000000,19.35250000,86178.0,86224.0,86109.0,86200.0,0.5984825,86052.6,86083.23,85969.18,86083.21,6.74261337,86057,86126.8,85960.1,86126.7,1364574.78773690
2025-12-01 14:46,86110.7,86277.59,86110.69,86247.85,10.65880358,86128.09000000,86288.92000000,86128.09000000,86259.56000000,16.63435000,86235.0,86370.0,86235.0,86370.0,0.19491867,86083.21,86247.06,86083.21,86246.95,9.96331457,86126.8,86278.8,86126.8,86258.9,1286855.23026080
2025-12-01 14:47,86243.88,86292.08,86196.0,86204.0,17.2246035,86259.56000000,86300.00000000,86216.61000000,86217.24000000,14.60252000,86382.0,86390.0,86355.0,86355.0,0.16911008,86246.95,86268.05,86228.86,86233.06,5.08344201,86258.9,86300,86227,86227.1,1294246.08239570
2025-12-01 14:48,86200.02,86213.77,85928.28,85955.98,35.86112575,86217.24000000,86224.26000000,85951.31000000,85956.62000000,75.37184000,86354.0,86354.0,86103.0,86103.0,6.52573015,86233.06,86233.06,85969.18,85969.18,31.39486271,86227,86227,85954.3,85956,2365732.33077020
2025-12-01 14:49,85955.99,86037.58,85924.3,85974.02,20.0595274,85956.63000000,86050.00000000,85938.55000000,85987.03000000,26.34849000,86090.0,86176.0,86090.0,86115.0,0.21094408,85969.18,86047.95,85946.29,85977.25,14.86526366,85956,86048.8,85941.7,85986.9,1341563.86775720
2025-12-01 14:50,85974.02,85978.2,85856.54,85955.09,20.05947841,85987.03000000,85992.49000000,85868.00000000,85971.75000000,24.01292000,86104.0,86104.0,86001.0,86070.0,0.20811284,85977.25,85977.25,85900,85968.39,7.74000968,85986.9,85989.4,85877.2,85969,2030793.97037600
2025-12-01 14:51,85955.1,86039.79,85946.61,86028.25,9.90379691,85971.75000000,86047.98000000,85970.02000000,86047.97000000,20.26950000,86089.0,86159.0,86089.0,86134.0,0.22392697,85968.39,86048.49,85968.39,86048.49,15.28554385,85970.2,86042.2,85968.4,86042.1,1947950.91342060
2025-12-01 14:52,86028.25,86114.43,85983.99,86074.47,26.31059801,86047.98000000,86116.51000000,86007.04000000,86082.01000000,22.23105000,86163.0,86240.0,86163.0,86223.0,1.09003099,86048.49,86108.74,86005.98,86080.94,14.8116658,86042.2,86110,86003.1,86084.1,2033625.60463830
2025-12-01 14:53,86074.45,86106.56,85950.0,85959.74,11.45692969,86082.01000000,86112.14000000,85972.92000000,85972.93000000,20.77551000,86222.0,86222.0,86102.0,86102.0,0.40015459999999997,86080.94,86108.69,85979.25,85984.27,7.92285831,86084.1,86109,85967.9,85968.8,1891357.30962680
2025-12-01 14:54,85964.67,86066.74,85957.4,86017.17,13.64019311,85972.92000000,86074.57000000,85972.92000000,86034.45000000,20.07155000,86157.0,86190.0,86157.0,86167.0,0.70566801,85984.27,86073.58,85984.27,85994.32,5.42739873,85968.8,86072.9,85968.8,86025.7,1852695.91411150
2025-12-01 14:55,86016.61,86208.12,86004.62,86193.71,11.77400975,86034.45000000,86208.55000000,86023.26000000,86208.54000000,22.41458000,86181.0,86300.0,86181.0,86300.0,0.79276407,85994.32,86209.54,85994.32,86209.52,13.93227238,86025.7,86209,86025.7,86208.1,1363868.27671630
2025-12-01 14:56,86193.72,86316.99,86193.72,86252.63,14.363517,86208.54000000,86331.71000000,86208.54000000,86274.00000000,27.88206000,86320.0,86430.0,86320.0,86393.0,0.18463342000000002,86209.52,86308.82,86209.52,86280.77,29.49644623,86209.1,86330,86209.1,86276.9,1486195.41420680
2025-12-01 14:57,86254.0,86270.79,86138.51,86180.61,26.15097933,86274.01000000,86282.56000000,86185.96000000,86192.02000000,14.48525000,86404.0,86404.0,86334.0,86334.0,0.73112334,86280.77,86287.39,86192.78,86192.8,7.29433435,86276.9,86284,86183.8,86190,1481290.70367140
2025-12-01 14:58,86180.61,86220.32,86105.25,86130.83,15.2816945,86192.02000000,86223.30000000,86124.49000000,86138.00000000,18.11821000,86314.0,86316.0,86243.0,86270.0,0.5911116599999999,86192.8,86223.82,86135.07,86135.07,10.24329289,86190,86222,86128.5,86136,1357970.44885200
2025-12-01 14:59,86128.6,86139.9,86012.87,86047.49,13.17194285,86137.99000000,86149.20000000,86039.56000000,86067.90000000,18.82570000,86243.0,86245.0,86183.0,86192.0,0.44817757,86135.07,86138.25,86038.51,86071.95,14.71376394,86136.9,86144,86041.6,86061.2,1313911.38652670
2025-12-01 15:00,86047.5,86115.65,85936.71,86074.8,15.22654025,86067.90000000,86122.51000000,85968.11000000,86087.21000000,39.82460000,86181.0,86232.0,86150.0,86160.0,0.22881801999999998,86071.95,86086.59,85994.32,86086.59,17.96986572,86061.2,86112.1,85975.8,86082.6,1486024.95710790
2025-12-01 15:01,86074.8,86121.14,86009.0,86042.33,13.09822944,86087.22000000,86137.17000000,86023.47000000,86058.01000000,19.87340000,86206.0,86206.0,86173.0,86173.0,0.0017002,86086.59,86128.28,86026.97,86070.89,14.81728142,86082.7,86133.9,86023.2,86058.7,1192848.41533090
2025-12-01 15:02,86042.63,86085.99,85978.2,86039.8,16.51437659,86058.01000000,86092.00000000,85988.82000000,86056.27000000,17.43052000,86189.0,86218.0,86126.0,86136.0,0.77070734,86070.89,86091.47,85988.44,86083.16,4.03676409,86058.7,86093.9,85997.5,86059.7,1283227.55095630
2025-12-01 15:03,86039.81,86039.81,85864.93,85874.26,14.28930966,86056.27000000,86056.27000000,85881.18000000,85881.18000000,48.85498000,86181.0,86181.0,86040.0,86043.0,0.41817431,86083.16,86083.16,85900,85910.63,25.41823392,86059.8,86059.8,85880.2,85883.7,1442061.30073580
2025-12-01 15:04,85874.25,85883.19,85745.57,85751.07,18.7114347,85881.18000000,85882.70000000,85752.48000000,85765.01000000,39.50972000,86015.0,86015.0,85850.0,85901.0,11.02653965,85910.63,85910.63,85759.09,85765.28,15.20223413,85883.7,85883.7,85751.8,85767.1,1317386.64823590
2025-12-01 15:05,85752.02,85789.54,85663.45,85755.24,25.78548011,85765.01000000,85791.12000000,85628.21000000,85764.82000000,114.30213000,85887.0,85887.0,85820.0,85874.0,0.32137294,85765.28,85787.06,85686.04,85767.51,10.40715994,85767.1,85794.6,85675,85770,1921203.93589790
2025-12-01 15:06,85755.24,85860.98,85731.81,85858.0,13.50967361,85764.83000000,85868.21000000,85754.00000000,85868.20000000,21.74528000,85881.0,86000.0,85881.0,86000.0,0.46474238,85767.51,85869.4,85767.51,85869.4,10.69830276,85766,85866.6,85757,85866.5,1991357.29669400
2025-12-01 15:07,85857.22,85938.74,85839.6,85849.9,12.27011683,85868.21000000,85946.00000000,85852.00000000,85856.46000000,34.79578000,86018.0,86050.0,85994.0,85994.0,0.21353322,85869.4,85922.72,85853.44,85862.43,23.49380535,85866.6,85942.5,85856.9,85857,1790304.80148020
2025-12-01 15:08,85849.91,85935.85,85829.48,85869.7,15.13070583,85856.47000000,85940.12000000,85850.45000000,85882.62000000,13.84649000,85980.0,86035.0,85980.0,86006.0,0.26370609,85862.43,85942.23,85852.39,85873.56,2.33932529,85857,85938,85848.1,85877.8,1666215.91531320
2025-12-01 15:09,85869.71,85888.28,85795.83,85864.35,10.1007471,85882.62000000,85897.54000000,85801.14000000,85878.17000000,9.32260000,86000.0,86011.0,85948.0,86011.0,0.38302865,85873.56,85884.68,85837.39,85878.02,4.50171746,85877.8,85891.2,85804.2,85882,1485068.21674680
2025-12-01 15:10,85862.7,85908.9,85785.7,85862.69,15.41273357,85878.17000000,85912.00000000,85792.79000000,85873.87000000,45.50164000,85992.0,86029.0,85941.0,85970.0,0.20955936,85878.02,85894.52,85794.86,85854.77,28.11803421,85879.1,85917.9,85800,85875.6,1278904.56763730
2025-12-01 15:11,85862.69,85920.64,85786.01,85819.4,8.48770349,85873.88000000,85924.53000000,85800.00000000,85822.12000000,15.70021000,86009.0,86047.0,85950.0,85950.0,0.53122146,85854.77,85920.18,85801.49,85824.97,8.70563809,85875.6,85926.8,85800.7,85826.9,1389271.22992850
2025-12-01 15:12,85819.4,85835.75,85778.0,85835.74,4.86577092,85822.13000000,85849.98000000,85790.26000000,85846.99000000,14.09141000,85943.0,85955.0,85943.0,85955.0,0.19917694,85824.97,85840.39,85794.88,85817.05,11.34989275,85826.9,85846,85790.1,85846,1190828.74639450
2025-12-01 15:13,85835.75,85888.95,85797.49,85816.5,7.21782892,85847.00000000,85903.94000000,85812.00000000,85828.88000000,16.23346000,85965.0,86002.0,85965.0,85991.0,1.34239638,85817.05,85906.82,85814.85,85849.22,6.4397693,85846,85898.5,85823,85834.5,1348474.90466750
2025-12-01 15:14,85816.5,85816.5,85560.0,85587.7,24.40848275,85828.87000000,85828.87000000,85588.51000000,85594.49000000,52.65805000,85976.0,85976.0,85741.0,85741.0,0.59881209,85849.22,85849.22,85633,85633,8.87808126,85832,85832,85597.6,85597.6,1791289.21735150
2025-12-01 15:15,85587.99,85658.64,85465.14,85472.48,16.89271391,85594.49000000,85665.78000000,85461.53000000,85461.73000000,43.71628000,85739.0,85797.0,85660.0,85660.0,2.03665499,85633,85660.06,85500,85509.15,39.56049822,85597.4,85667.6,85478.9,85485.8,1628513.88498880
2025-12-01 15:16,85463.16,85731.8,85447.1,85705.93,35.9705925,85461.72000000,85733.99000000,85461.72000000,85710.14000000,47.71628000,85660.0,85845.0,85660.0,85845.0,3.58226254,85509.15,85735.32,85486.19,85713.85,6.66463047,85485.8,85752.5,85478.3,85711.1,1387743.92327910
2025-12-01 15:17,85705.93,85737.73,85616.3,85685.6,18.97267138,85710.13000000,85741.45000000,85619.09000000,85698.99000000,29.80384000,85853.0,85870.0,85779.0,85830.0,0.28945169,85713.85,85727.67,85628,85707.94,8.10142126,85711.1,85741.1,85631.7,85712.1,1513018.03710510
2025-12-01 15:18,85685.6,85700.0,85572.0,85619.9,17.6036075,85699.00000000,85699.00000000,85588.00000000,85628.23000000,29.07735000,85830.0,85838.0,85727.0,85732.0,0.27910588,85707.94,85707.94,85592.1,85637.12,10.72820622,85712,85712,85597,85640.8,992294.84190440
2025-12-01 15:19,85619.9,85624.28,85539.17,85549.98,14.86298055,85628.24000000,85632.73000000,85551.04000000,85556.80000000,19.00341000,85740.0,85740.0,85686.0,85698.0,0.38365375,85637.12,85637.12,85553.84,85559.88,30.10621157,85640.8,85640.8,85557.6,85559,1035354.23681190
2025-12-01 15:20,85549.97,85577.8,85454.6,85508.49,22.93458004,85556.80000000,85585.92000000,85463.79000000,85517.83000000,31.01694000,85698.0,85712.0,85621.0,85675.0,7.30139605,85559.88,85570.18,85466.66,85522.14,7.12594108,85558.9,85581.5,85470.1,85514,1443902.15042840
2025-12-01 15:21,85503.76,85510.91,85347.29,85410.91,31.57275886,85517.83000000,85517.83000000,85366.13000000,85417.05000000,36.36478000,85675.0,85675.0,85515.0,85572.0,1.48458582,85522.14,85522.14,85383.52,85423.5,33.05330982,85514,85514,85367.6,85430,1495391.79345010
2025-12-01 15:22,85410.91,85477.99,85331.4,85346.75,16.67317335,85417.05000000,85490.00000000,85340.96000000,85361.96000000,30.17650000,85587.0,85587.0,85501.0,85501.0,0.03839042,85423.5,85490.59,85341.27,85363.67,5.06710346,85430,85488.9,85352.7,85362,1513109.90988440
2025-12-01 15:23,85345.97,85385.46,85265.77,85294.02,57.49439115,85361.96000000,85391.94000000,85297.59000000,85300.51000000,33.12389000,85500.0,85538.0,85466.0,85477.0,12.0625195,85363.67,85363.67,85300.15,85300.15,15.99399598,85361.9,85393.6,85299.1,85308,1546695.37826070
2025-12-01 15:24,85296.0,85431.52,85276.58,85305.91,14.65611708,85300.52000000,85439.00000000,85300.01000000,85306.78000000,22.83205000,85481.0,85550.0,85480.0,85480.0,2.6458543999999997,85300.15,85441.65,85300.15,85301.75,10.36969861,85308.1,85437.8,85306.1,85308,1545041.52449850
2025-12-01 15:25,85306.67,85323.69,85084.46,85138.9,39.28092271,85306.78000000,85338.00000000,85000.00000000,85156.38000000,202.13553000,85461.0,85461.0,85263.0,85299.0,1.1092655900000001,85301.75,85323.4,85111.64,85156.69,11.16661983,85309,85340.2,85105.6,85164.1,2149972.83668300
2025-12-01 15:26,85138.9,85153.99,85031.12,85051.38,14.35064428,85156.38000000,85162.99000000,85039.88000000,85066.81000000,28.25392000,85292.0,85300.0,85212.0,85219.0,0.81709412,85156.69,85156.69,85062.37,85065.97,5.23579346,85163,85164,85060.1,85076,1154617.72912170
2025-12-01 15:27,85051.38,85101.99,84926.4,84983.99,30.4249855,85066.80000000,85116.95000000,84958.52000000,85002.00000000,49.36464000,85220.0,85233.0,85117.0,85148.0,0.7058118800000001,85065.97,85087.92,84969.32,85000,17.83164125,85072,85122.8,84970,85003,1386601.86440320
2025-12-01 15:28,84984.0,85073.44,84957.99,84966.5,13.75078157,85001.99000000,85078.41000000,84970.25000000,84978.55000000,31.81860000,85172.0,85192.0,85159.0,85159.0,0.27804061999999996,85000,85063.22,84979.83,84979.83,8.0011963,85003,85090.6,84980.6,84989,1453297.17243340
2025-12-01 15:29,84968.0,84981.04,84913.68,84934.86,31.77127574,84978.55000000,84992.00000000,84927.65000000,84955.95000000,32.05087000,85121.0,85123.0,85074.0,85113.0,1.79465508,84979.83,84989.47,84935.83,84957.79,4.202519,84988.8,84992,84944,84958.2,1020406.00569050
2025-12-01 15:30,84934.85,84954.0,84819.02,84847.98,23.05948644,84955.94000000,84968.00000000,84856.85000000,84856.85000000,48.11350000,85106.0,85106.0,85003.0,85007.0,0.4530375,84957.79,84959.19,84856.57,84858.83,14.62035942,84958.2,84970.8,84868,84868,1966772.07476730
2025-12-01 15:31,84847.97,84951.29,84801.8,84801.8,18.25502941,84856.85000000,84964.00000000,84823.31000000,84823.32000000,56.24526000,85007.0,85108.0,85000.0,85000.0,8.13031459,84858.83,84955.78,84824.66,84824.66,29.844359,84868,84969.9,84826.9,84826.9,2208826.51866130
2025-12-01 15:32,84803.99,84837.43,84615.2,84764.0,79.51385348,84823.31000000,84852.02000000,84635.00000000,84778.66000000,156.24696000,85000.0,85001.0,84828.0,84985.0,35.45885845,84824.66,84857.03,84650,84793.3,2.29594288,84826.9,84859.7,84649,84792.1,2564909.88030970
2025-12-01 15:33,84764.0,84799.99,84600.0,84607.84,18.7616401,84778.65000000,84816.12000000,84622.00000000,84622.01000000,92.80336000,84889.0,84951.0,84786.0,84786.0,1.02970721,84793.3,84819.03,84624.02,84624.02,29.59895458,84791,84819,84617.8,84617.8,1988727.52805480
2025-12-01 15:34,84607.32,84622.53,84258.0,84409.0,70.22369312,84622.00000000,84635.38000000,84254.29000000,84428.34000000,158.44671000,84780.0,84780.0,84441.0,84558.0,12.76170744,84624.02,84629.13,84242.21,84392.87,20.07595688,84617.7,84630.5,84271.7,84433.1,2591660.23177010
2025-12-01 15:35,84409.0,84586.0,84338.11,84460.0,27.31290477,84428.33000000,84598.00000000,84366.03000000,84470.78000000,92.36996000,84556.0,84703.0,84556.0,84648.0,5.23200469,84392.87,84579,84386.39,84539.51,11.9211028,84433.1,84594.6,84372.5,84477.5,2519146.14402850
2025-12-01 15:36,84454.02,84750.0,84432.04,84608.0,40.47461969,84470.79000000,84762.49000000,84449.16000000,84621.99000000,94.46574000,84655.0,84888.0,84655.0,84815.0,0.42220341,84539.51,84759.69,84450.57,84620.26,7.19807727,84477.1,84760.6,84452.3,84618,2404560.16472840
2025-12-01 15:37,84602.0,84651.16,84450.0,84454.01,18.1543292,84622.00000000,84676.15000000,84466.11000000,84483.11000000,49.22459000,84760.0,84786.0,84642.0,84655.0,0.81218536,84620.26,84668.54,84483.04,84483.05,8.32776818,84618,84669.9,84465.3,84486.6,2432098.56357150
2025-12-01 15:38,84458.02,84578.52,84424.87,84436.01,35.08481915,84483.10000000,84593.00000000,84400.00000000,84451.30000000,128.50444000,84663.0,84723.0,84610.0,84610.0,0.85837516,84483.05,84576.12,84407.89,84476.39,18.05450239,84486.6,84599.4,84446.6,84454.2,2689473.88436350
2025-12-01 15:39,84426.0,84499.79,84362.78,84369.81,19.32891783,84450.55000000,84517.93000000,84380.01000000,84385.99000000,46.16451000,84590.0,84631.0,84528.0,84533.0,1.74209736,84476.39,84507.58,84380.17,84386.32,15.3084201,84454.1,84518.6,84388,84388.1,2839570.36647230
2025-12-01 15:40,84375.32,84411.93,84230.56,84306.01,32.50493297,84385.99000000,84425.17000000,84280.00000000,84316.70000000,34.24754000,84529.0,84555.0,84443.0,84475.0,0.66191548,84386.32,84420,84280.18,84331.64,8.30147107,84388.1,84429.6,84289.4,84328,1868977.71336310
2025-12-01 15:41,84306.02,84306.02,84163.01,84195.14,28.25084589,84316.70000000,84328.01000000,84190.00000000,84220.50000000,59.16715000,84447.0,84454.0,84347.0,84406.0,5.48601627,84331.64,84331.64,84199.47,84224.59,14.93934608,84327.9,84330,84197,84219.6,1997978.63210140
2025-12-01 15:42,84198.01,84248.05,83871.18,83968.26,81.74916463,84220.50000000,84255.01000000,83950.00000000,83977.13000000,136.67027000,84372.0,84372.0,84111.0,84120.0,2.07975568,84224.59,84228.94,83955,84016.13,16.40539294,84219.7,84256,83952.2,83976.4,1684271.35023240
2025-12-01 15:43,83968.27,84097.11,83920.0,83968.34,61.17737565,83977.13000000,84108.00000000,83944.42000000,84000.00000000,87.77954000,84153.0,84191.0,84102.0,84191.0,5.81838005,84016.13,84085.38,83947.3,84084.61,13.43964763,83977,84108.5,83952.6,84012,1741088.33414280
2025-12-01 15:44,83968.34,84007.52,83859.74,83926.31,52.27648419,84000.00000000,84014.15000000,83888.00000000,83939.90000000,71.58938000,84102.0,84134.0,84101.0,84101.0,104.79798555,84084.61,84084.61,83900,83923.39,33.1984796,84007.1,84015.2,83895.7,83940.2,1845685.55136030
2025-12-01 15:45,83929.98,84077.52,83800.0,84036.76,49.24556762,83939.90000000,84095.01000000,83822.76000000,84056.72000000,114.08925000,84118.0,84220.0,84000.0,84220.0,17.6153477,83923.39,84089.78,83829.67,84043.76,1.13997643,83940.3,84083,83828,84047,2528762.25388250
2025-12-01 15:46,84033.99,84149.99,83964.02,84060.9,30.54240701,84056.72000000,84162.95000000,83986.23000000,84074.02000000,68.09481000,84195.0,84280.0,84151.0,84261.0,0.61426482,84043.76,84139.43,84000,84082.79,23.39883123,84047,84156,83987.5,84072.1,2201112.21389050
2025-12-01 15:47,84068.59,84070.0,83904.11,84037.07,23.03275496,84074.90000000,84082.98000000,83917.91000000,84067.56000000,50.06810000,84242.0,84242.0,84090.0,84216.0,0.61946713,84082.79,84082.79,83938.8,84068.86,37.28489356,84073,84080,83935,84070.5,2331270.33666700
2025-12-01 15:48,84043.52,84352.19,84035.65,84342.42,18.9333507,84067.56000000,84364.00000000,84062.88000000,84364.00000000,65.49986000,84216.0,84520.0,84216.0,84502.0,0.36268361,84068.86,84351.21,84068.86,84348.66,5.55980233,84066.9,84364,84062.7,84363.5,2769820.93829660
2025-12-01 15:49,84340.08,84389.54,84230.02,84292.0,32.51992945,84363.99000000,84405.37000000,84278.60000000,84314.51000000,53.60211000,84506.0,84560.0,84438.0,84457.0,0.61861666,84348.66,84392.35,84296.3,84310.72,18.19859478,84363.5,84402.6,84283.3,84307.9,1967991.77465140
2025-12-01 15:50,84292.0,84592.19,84292.0,84562.0,40.62332328,84314.50000000,84608.27000000,84314.50000000,84586.04000000,57.37242000,84506.0,84757.0,84506.0,84734.0,0.82768009,84310.72,84604.19,84310.72,84588.57,3.396856,84307.9,84613.4,84307.9,84587,2298144.45263770
2025-12-01 15:51,84560.0,84666.0,84540.84,84605.07,32.28046693,84586.05000000,84685.55000000,84567.80000000,84624.67000000,50.14709000,84745.0,84809.0,84720.0,84742.0,0.5495139099999999,84588.57,84683.55,84580.18,84631.41,12.97599457,84586.1,84670.6,84568.9,84611,2143869.21966710
2025-12-01 15:52,84611.45,84875.54,84611.45,84859.99,51.17853941,84624.67000000,84889.45000000,84624.67000000,84883.55000000,47.58268000,84784.0,85000.0,84784.0,84999.0,3.4194635300000003,84631.41,84869.5,84631.41,84827.27,8.94311536,84621,84892.5,84621,84880.7,2355182.64610520
2025-12-01 15:53,84873.99,84875.55,84740.21,84765.46,27.32375666,84883.55000000,84894.77000000,84760.00000000,84786.69000000,41.52150000,85000.0,85000.0,84932.0,84932.0,3.75410277,84827.27,84873.58,84795.47,84795.47,5.78398927,84891.6,84895.3,84753.1,84788.1,2052663.27224050
2025-12-01 15:54,84765.45,84874.54,84708.03,84710.0,36.10170141,84786.69000000,84885.99000000,84734.00000000,84734.00000000,39.34931000,84931.0,85034.0,84900.0,84900.0,5.46998994,84795.47,84885.7,84737.06,84737.06,15.32938923,84788.1,84880.7,84725.2,84725.2,1927783.95234010
2025-12-01 15:55,84711.6,84716.31,84599.3,84652.6,39.02492024,84734.00000000,84734.01000000,84629.19000000,84662.53000000,60.03450000,84890.0,84890.0,84784.0,84810.0,2.09100687,84737.06,84737.06,84638.63,84676.93,20.04345983,84725.2,84725.2,84635.7,84661.1,1517144.74657200
2025-12-01 15:56,84652.6,84707.88,84566.08,84584.0,21.10358039,84662.53000000,84700.00000000,84588.00000000,84598.64000000,24.32947000,84810.0,84810.0,84746.0,84759.0,9.02160043,84676.93,84702.59,84590.43,84600.36,25.79462326,84661.2,84705,84593,84595,1383318.73962510
2025-12-01 15:57,84584.02,84589.33,84475.01,84583.38,33.82850559,84598.64000000,84605.13000000,84494.00000000,84596.47000000,73.58456000,84761.0,84761.0,84667.0,84751.0,0.61993214,84600.36,84600.36,84506.84,84599.96,29.27889621,84596.1,84600.9,84491.3,84594,1715204.11396690
2025-12-01 15:58,84585.98,84702.89,84585.12,84614.39,13.43463848,84596.47000000,84714.44000000,84596.46000000,84635.42000000,24.06637000,84775.0,84870.0,84775.0,84779.0,0.7743745000000001,84599.96,84706.9,84599.96,84651.77,15.92608841,84594.8,84707.7,84594.8,84638,1548579.96338070
2025-12-01 15:59,84619.88,84672.0,84553.71,84668.05,8.41789455,84635.41000000,84677.87000000,84569.00000000,84677.87000000,22.63468000,84763.0,84823.0,84714.0,84823.0,0.07502239000000001,84651.77,84679.89,84584.57,84669.34,10.05912871,84638,84679.8,84568.9,84679.8,1704381.18094490
2025-12-01 16:00,84668.05,84730.0,84626.85,84723.63,18.14245656,84677.87000000,84738.29000000,84644.55000000,84738.29000000,25.63254000,84823.0,84860.0,84805.0,84860.0,0.89602848,,,,,,84679.8,84736,84641.3,84736,1545573.44155970
